accno,cons_acct_key,open_dt,acct_nb,closed_dt,bureau_mbr_id,account_type_cd,term_freq,charge_off_amt,resp_code,balance_dt,account_status_cd,actual_pymnt_amt,balance_amt,credit_lim_amt,original_loan_amt,past_due_amt,pay_rating_cd,dayspastdue,written_off_amt,principal_written_off,SUITFILED_WILFULDEFAULT,SUITFILEDWILLFULDEFAULT,WRITTEN_OFF_AND_SETTLED
10001,1000100,20200101,ACT10001,0,1001,123,12,0.0,0,20240101,A,1600.0,80000,0,200000,0,0,0,0,0.0,,,
10001,1000101,20200101,ACT10001,0,1001,123,12,0.0,0,20231201,A,1600.0,80000,0,200000,0,0,0,0,0.0,,,
10001,1000102,20200101,ACT10001,0,1001,123,12,0.0,0,20231101,A,1600.0,80000,0,200000,0,0,0,0,0.0,,,
10001,1000103,20200101,ACT10001,0,1001,123,12,0.0,0,20231001,A,1600.0,80000,0,200000,0,0,0,0,0.0,,,
10001,1000104,20200101,ACT10001,0,1001,123,12,0.0,0,20230901,A,1600.0,80000,0,200000,0,0,0,0,0.0,,,
10001,1000105,20200101,ACT10001,0,1001,123,12,0.0,0,20230801,A,1600.0,80000,0,200000,0,0,0,0,0.0,,,
10001,1000106,20200101,ACT10001,0,1001,123,12,0.0,0,20230701,A,1600.0,80000,0,200000,0,0,0,0,0.0,,,
10001,1000107,20200101,ACT10001,0,1001,123,12,0.0,0,20230601,A,1600.0,80000,0,200000,0,0,0,0,0.0,,,
10001,1000108,20200101,ACT10001,0,1001,123,12,0.0,0,20230501,A,1600.0,80000,0,200000,0,0,0,0,0.0,,,
10001,1000109,20200101,ACT10001,0,1001,123,12,0.0,0,20230401,A,1600.0,80000,0,200000,0,0,0,0,0.0,,,
10001,1000110,20200101,ACT10001,0,1001,123,12,0.0,0,20230301,A,1600.0,80000,0,200000,0,0,0,0,0.0,,,
10001,1000111,20200101,ACT10001,0,1001,123,12,0.0,0,20230201,A,1600.0,80000,0,200000,0,0,0,0,0.0,,,
10001,1000112,20200101,ACT10001,0,1001,123,12,0.0,0,20230101,A,1600.0,80000,0,200000,0,0,0,0,0.0,,,
10001,1000113,20200101,ACT10001,0,1001,123,12,0.0,0,20221201,A,1600.0,80000,0,200000,0,0,0,0,0.0,,,
10001,1000114,20200101,ACT10001,0,1001,123,12,0.0,0,20221101,A,1600.0,80000,0,200000,0,0,0,0,0.0,,,
10001,1000115,20200101,ACT10001,0,1001,123,12,0.0,0,20221001,A,1600.0,80000,0,200000,0,0,0,0,0.0,,,
10001,1000116,20200101,ACT10001,0,1001,123,12,0.0,0,20220901,A,1600.0,80000,0,200000,0,0,0,0,0.0,,,
10001,1000117,20200101,ACT10001,0,1001,123,12,0.0,0,20220801,A,1600.0,80000,0,200000,0,0,0,0,0.0,,,
10001,1000118,20200101,ACT10001,0,1001,123,12,0.0,0,20220701,A,1600.0,80000,0,200000,0,0,0,0,0.0,,,
10001,1000119,20200101,ACT10001,0,1001,123,12,0.0,0,20220601,A,1600.0,80000,0,200000,0,0,0,0,0.0,,,
10001,1000120,20200101,ACT10001,0,1001,123,12,0.0,0,20220501,A,1600.0,80000,0,200000,0,0,0,0,0.0,,,
10001,1000121,20200101,ACT10001,0,1001,123,12,0.0,0,20220401,A,1600.0,80000,0,200000,0,0,0,0,0.0,,,
10001,1000122,20200101,ACT10001,0,1001,123,12,0.0,0,20220301,A,1600.0,80000,0,200000,0,0,0,0,0.0,,,
10001,1000123,20200101,ACT10001,0,1001,123,12,0.0,0,20220201,A,1600.0,80000,0,200000,0,0,0,0,0.0,,,
10002,1000200,20200101,ACT10002,0,2001,123,12,0.0,0,20240101,A,600.0,30000,100000,100000,0,0,0,0,0.0,,,
10002,1000201,20200101,ACT10002,0,2001,123,12,0.0,0,20231201,A,600.0,30000,100000,100000,0,0,0,0,0.0,,,
10002,1000202,20200101,ACT10002,0,2001,123,12,0.0,0,20231101,A,600.0,30000,100000,100000,0,0,0,0,0.0,,,
10002,1000203,20200101,ACT10002,0,2001,123,12,0.0,0,20231001,A,600.0,30000,100000,100000,0,0,0,0,0.0,,,
10002,1000204,20200101,ACT10002,0,2001,123,12,0.0,0,20230901,A,600.0,30000,100000,100000,0,0,0,0,0.0,,,
10002,1000205,20200101,ACT10002,0,2001,123,12,0.0,0,20230801,A,600.0,30000,100000,100000,0,0,0,0,0.0,,,
10002,1000206,20200101,ACT10002,0,2001,123,12,0.0,0,20230701,A,600.0,30000,100000,100000,0,0,0,0,0.0,,,
10002,1000207,20200101,ACT10002,0,2001,123,12,0.0,0,20230601,A,600.0,30000,100000,100000,0,0,0,0,0.0,,,
10002,1000208,20200101,ACT10002,0,2001,123,12,0.0,0,20230501,A,600.0,30000,100000,100000,0,0,0,0,0.0,,,
10002,1000209,20200101,ACT10002,0,2001,123,12,0.0,0,20230401,A,600.0,30000,100000,100000,0,0,0,0,0.0,,,
10002,1000210,20200101,ACT10002,0,2001,123,12,0.0,0,20230301,A,600.0,30000,100000,100000,0,0,0,0,0.0,,,
10002,1000211,20200101,ACT10002,0,2001,123,12,0.0,0,20230201,A,600.0,30000,100000,100000,0,0,0,0,0.0,,,
10002,1000212,20200101,ACT10002,0,2001,123,12,0.0,0,20230101,A,600.0,30000,100000,100000,0,0,0,0,0.0,,,
10002,1000213,20200101,ACT10002,0,2001,123,12,0.0,0,20221201,A,600.0,30000,100000,100000,0,0,0,0,0.0,,,
10002,1000214,20200101,ACT10002,0,2001,123,12,0.0,0,20221101,A,600.0,30000,100000,100000,0,0,0,0,0.0,,,
10002,1000215,20200101,ACT10002,0,2001,123,12,0.0,0,20221001,A,600.0,30000,100000,100000,0,0,0,0,0.0,,,
10002,1000216,20200101,ACT10002,0,2001,123,12,0.0,0,20220901,A,600.0,30000,100000,100000,0,0,0,0,0.0,,,
10002,1000217,20200101,ACT10002,0,2001,123,12,0.0,0,20220801,A,600.0,30000,100000,100000,0,0,0,0,0.0,,,
10002,1000218,20200101,ACT10002,0,2001,123,12,0.0,0,20220701,A,600.0,30000,100000,100000,0,0,0,0,0.0,,,
10002,1000219,20200101,ACT10002,0,2001,123,12,0.0,0,20220601,A,600.0,30000,100000,100000,0,0,0,0,0.0,,,
10002,1000220,20200101,ACT10002,0,2001,123,12,0.0,0,20220501,A,600.0,30000,100000,100000,0,0,0,0,0.0,,,
10002,1000221,20200101,ACT10002,0,2001,123,12,0.0,0,20220401,A,600.0,30000,100000,100000,0,0,0,0,0.0,,,
10002,1000222,20200101,ACT10002,0,2001,123,12,0.0,0,20220301,A,600.0,30000,100000,100000,0,0,0,0,0.0,,,
10002,1000223,20200101,ACT10002,0,2001,123,12,0.0,0,20220201,A,600.0,30000,100000,100000,0,0,0,0,0.0,,,
10003,1000300,20200101,ACT10003,0,2001,123,12,0.0,0,20240101,A,600.0,30000,100000,100000,0,0,0,0,0.0,,,
10003,1000301,20200101,ACT10003,0,2001,123,12,0.0,0,20231201,A,600.0,30000,100000,100000,0,0,0,0,0.0,,,
10003,1000302,20200101,ACT10003,0,2001,123,12,0.0,0,20231101,A,600.0,30000,100000,100000,0,0,0,0,0.0,,,
10003,1000303,20200101,ACT10003,0,2001,123,12,0.0,0,20231001,A,600.0,30000,100000,100000,0,0,0,0,0.0,,,
10003,1000304,20200101,ACT10003,0,2001,123,12,0.0,0,20230901,A,600.0,30000,100000,100000,0,0,0,0,0.0,,,
10003,1000305,20200101,ACT10003,0,2001,123,12,0.0,0,20230801,A,600.0,30000,100000,100000,0,0,0,0,0.0,,,
10003,1000306,20200101,ACT10003,0,2001,123,12,0.0,0,20230701,A,600.0,30000,100000,100000,0,0,0,0,0.0,,,
10003,1000307,20200101,ACT10003,0,2001,123,12,0.0,0,20230601,A,600.0,30000,100000,100000,0,0,0,0,0.0,,,
10003,1000308,20200101,ACT10003,0,2001,123,12,0.0,0,20230501,A,600.0,30000,100000,100000,0,0,0,0,0.0,,,
10003,1000309,20200101,ACT10003,0,2001,123,12,0.0,0,20230401,A,600.0,30000,100000,100000,0,0,0,0,0.0,,,
10003,1000310,20200101,ACT10003,0,2001,123,12,0.0,0,20230301,A,600.0,30000,100000,100000,0,0,0,0,0.0,,,
10003,1000311,20200101,ACT10003,0,2001,123,12,0.0,0,20230201,A,600.0,30000,100000,100000,0,0,0,0,0.0,,,
10003,1000312,20200101,ACT10003,0,2001,123,12,0.0,0,20230101,A,600.0,30000,100000,100000,0,0,0,0,0.0,,,
10003,1000313,20200101,ACT10003,0,2001,123,12,0.0,0,20221201,A,600.0,30000,100000,100000,0,0,0,0,0.0,,,
10003,1000314,20200101,ACT10003,0,2001,123,12,0.0,0,20221101,A,600.0,30000,100000,100000,0,0,0,0,0.0,,,
10003,1000315,20200101,ACT10003,0,2001,123,12,0.0,0,20221001,A,600.0,30000,100000,100000,0,0,0,0,0.0,,,
10003,1000316,20200101,ACT10003,0,2001,123,12,0.0,0,20220901,A,600.0,30000,100000,100000,0,0,0,0,0.0,,,
10003,1000317,20200101,ACT10003,0,2001,123,12,0.0,0,20220801,A,600.0,30000,100000,100000,0,0,0,0,0.0,,,
10003,1000318,20200101,ACT10003,0,2001,123,12,0.0,0,20220701,A,600.0,30000,100000,100000,0,0,0,0,0.0,,,
10003,1000319,20200101,ACT10003,0,2001,123,12,0.0,0,20220601,A,600.0,30000,100000,100000,0,0,0,0,0.0,,,
10003,1000320,20200101,ACT10003,0,2001,123,12,0.0,0,20220501,A,600.0,30000,100000,100000,0,0,0,0,0.0,,,
10003,1000321,20200101,ACT10003,0,2001,123,12,0.0,0,20220401,A,600.0,30000,100000,100000,0,0,0,0,0.0,,,
10003,1000322,20200101,ACT10003,0,2001,123,12,0.0,0,20220301,A,600.0,30000,100000,100000,0,0,0,0,0.0,,,
10003,1000323,20200101,ACT10003,0,2001,123,12,0.0,0,20220201,A,600.0,30000,100000,100000,0,0,0,0,0.0,,,
10004,1000400,20200101,ACT10004,0,2001,123,12,0.0,0,20240101,A,600.0,30000,100000,100000,0,0,0,0,0.0,,,
10004,1000401,20200101,ACT10004,0,2001,123,12,0.0,0,20231201,A,600.0,30000,100000,100000,0,0,0,0,0.0,,,
10004,1000402,20200101,ACT10004,0,2001,123,12,0.0,0,20231101,A,600.0,30000,100000,100000,0,0,0,0,0.0,,,
10004,1000403,20200101,ACT10004,0,2001,123,12,0.0,0,20231001,A,600.0,30000,100000,100000,0,0,0,0,0.0,,,
10004,1000404,20200101,ACT10004,0,2001,123,12,0.0,0,20230901,A,600.0,30000,100000,100000,0,0,0,0,0.0,,,
10004,1000405,20200101,ACT10004,0,2001,123,12,0.0,0,20230801,A,600.0,30000,100000,100000,0,0,0,0,0.0,,,
10004,1000406,20200101,ACT10004,0,2001,123,12,0.0,0,20230701,A,600.0,30000,100000,100000,0,0,0,0,0.0,,,
10004,1000407,20200101,ACT10004,0,2001,123,12,0.0,0,20230601,A,600.0,30000,100000,100000,0,0,0,0,0.0,,,
10004,1000408,20200101,ACT10004,0,2001,123,12,0.0,0,20230501,A,600.0,30000,100000,100000,0,0,0,0,0.0,,,
10004,1000409,20200101,ACT10004,0,2001,123,12,0.0,0,20230401,A,600.0,30000,100000,100000,0,0,0,0,0.0,,,
10004,1000410,20200101,ACT10004,0,2001,123,12,0.0,0,20230301,A,600.0,30000,100000,100000,0,0,0,0,0.0,,,
10004,1000411,20200101,ACT10004,0,2001,123,12,0.0,0,20230201,A,600.0,30000,100000,100000,0,0,0,0,0.0,,,
10004,1000412,20200101,ACT10004,0,2001,123,12,0.0,0,20230101,A,600.0,30000,100000,100000,0,0,0,0,0.0,,,
10004,1000413,20200101,ACT10004,0,2001,123,12,0.0,0,20221201,A,600.0,30000,100000,100000,0,0,0,0,0.0,,,
10004,1000414,20200101,ACT10004,0,2001,123,12,0.0,0,20221101,A,600.0,30000,100000,100000,0,0,0,0,0.0,,,
10004,1000415,20200101,ACT10004,0,2001,123,12,0.0,0,20221001,A,600.0,30000,100000,100000,0,0,0,0,0.0,,,
10004,1000416,20200101,ACT10004,0,2001,123,12,0.0,0,20220901,A,600.0,30000,100000,100000,0,0,0,0,0.0,,,
10004,1000417,20200101,ACT10004,0,2001,123,12,0.0,0,20220801,A,600.0,30000,100000,100000,0,0,0,0,0.0,,,
10004,1000418,20200101,ACT10004,0,2001,123,12,0.0,0,20220701,A,600.0,30000,100000,100000,0,0,0,0,0.0,,,
10004,1000419,20200101,ACT10004,0,2001,123,12,0.0,0,20220601,A,600.0,30000,100000,100000,0,0,0,0,0.0,,,
10004,1000420,20200101,ACT10004,0,2001,123,12,0.0,0,20220501,A,600.0,30000,100000,100000,0,0,0,0,0.0,,,
10004,1000421,20200101,ACT10004,0,2001,123,12,0.0,0,20220401,A,600.0,30000,100000,100000,0,0,0,0,0.0,,,
10004,1000422,20200101,ACT10004,0,2001,123,12,0.0,0,20220301,A,600.0,30000,100000,100000,0,0,0,0,0.0,,,
10004,1000423,20200101,ACT10004,0,2001,123,12,0.0,0,20220201,A,600.0,30000,100000,100000,0,0,0,0,0.0,,,
10005,1000500,20200101,ACT10005,0,2001,123,12,0.0,0,20240101,A,600.0,30000,100000,100000,0,0,0,0,0.0,,,
10005,1000501,20200101,ACT10005,0,2001,123,12,0.0,0,20231201,A,600.0,30000,100000,100000,0,0,0,0,0.0,,,
10005,1000502,20200101,ACT10005,0,2001,123,12,0.0,0,20231101,A,600.0,30000,100000,100000,0,0,0,0,0.0,,,
10005,1000503,20200101,ACT10005,0,2001,123,12,0.0,0,20231001,A,600.0,30000,100000,100000,0,0,0,0,0.0,,,
10005,1000504,20200101,ACT10005,0,2001,123,12,0.0,0,20230901,A,600.0,30000,100000,100000,0,0,0,0,0.0,,,
10005,1000505,20200101,ACT10005,0,2001,123,12,0.0,0,20230801,A,600.0,30000,100000,100000,0,0,0,0,0.0,,,
10005,1000506,20200101,ACT10005,0,2001,123,12,0.0,0,20230701,A,600.0,30000,100000,100000,0,0,0,0,0.0,,,
10005,1000507,20200101,ACT10005,0,2001,123,12,0.0,0,20230601,A,600.0,30000,100000,100000,0,0,0,0,0.0,,,
10005,1000508,20200101,ACT10005,0,2001,123,12,0.0,0,20230501,A,600.0,30000,100000,100000,0,0,0,0,0.0,,,
10005,1000509,20200101,ACT10005,0,2001,123,12,0.0,0,20230401,A,600.0,30000,100000,100000,0,0,0,0,0.0,,,
10005,1000510,20200101,ACT10005,0,2001,123,12,0.0,0,20230301,A,600.0,30000,100000,100000,0,0,0,0,0.0,,,
10005,1000511,20200101,ACT10005,0,2001,123,12,0.0,0,20230201,A,600.0,30000,100000,100000,0,0,0,0,0.0,,,
10005,1000512,20200101,ACT10005,0,2001,123,12,0.0,0,20230101,A,600.0,30000,100000,100000,0,0,0,0,0.0,,,
10005,1000513,20200101,ACT10005,0,2001,123,12,0.0,0,20221201,A,600.0,30000,100000,100000,0,0,0,0,0.0,,,
10005,1000514,20200101,ACT10005,0,2001,123,12,0.0,0,20221101,A,600.0,30000,100000,100000,0,0,0,0,0.0,,,
10005,1000515,20200101,ACT10005,0,2001,123,12,0.0,0,20221001,A,600.0,30000,100000,100000,0,0,0,0,0.0,,,
10005,1000516,20200101,ACT10005,0,2001,123,12,0.0,0,20220901,A,600.0,30000,100000,100000,0,0,0,0,0.0,,,
10005,1000517,20200101,ACT10005,0,2001,123,12,0.0,0,20220801,A,600.0,30000,100000,100000,0,0,0,0,0.0,,,
10005,1000518,20200101,ACT10005,0,2001,123,12,0.0,0,20220701,A,600.0,30000,100000,100000,0,0,0,0,0.0,,,
10005,1000519,20200101,ACT10005,0,2001,123,12,0.0,0,20220601,A,600.0,30000,100000,100000,0,0,0,0,0.0,,,
10005,1000520,20200101,ACT10005,0,2001,123,12,0.0,0,20220501,A,600.0,30000,100000,100000,0,0,0,0,0.0,,,
10005,1000521,20200101,ACT10005,0,2001,123,12,0.0,0,20220401,A,600.0,30000,100000,100000,0,0,0,0,0.0,,,
10005,1000522,20200101,ACT10005,0,2001,123,12,0.0,0,20220301,A,600.0,30000,100000,100000,0,0,0,0,0.0,,,
10005,1000523,20200101,ACT10005,0,2001,123,12,0.0,0,20220201,A,600.0,30000,100000,100000,0,0,0,0,0.0,,,
10006,1000600,20200101,ACT10006,0,2001,123,12,0.0,0,20240101,A,600.0,30000,100000,100000,0,0,0,0,0.0,,,
10006,1000601,20200101,ACT10006,0,2001,123,12,0.0,0,20231201,A,600.0,30000,100000,100000,0,0,0,0,0.0,,,
10006,1000602,20200101,ACT10006,0,2001,123,12,0.0,0,20231101,A,600.0,30000,100000,100000,0,0,0,0,0.0,,,
10006,1000603,20200101,ACT10006,0,2001,123,12,0.0,0,20231001,A,600.0,30000,100000,100000,0,0,0,0,0.0,,,
10006,1000604,20200101,ACT10006,0,2001,123,12,0.0,0,20230901,A,600.0,30000,100000,100000,0,0,0,0,0.0,,,
10006,1000605,20200101,ACT10006,0,2001,123,12,0.0,0,20230801,A,600.0,30000,100000,100000,0,0,0,0,0.0,,,
10006,1000606,20200101,ACT10006,0,2001,123,12,0.0,0,20230701,A,600.0,30000,100000,100000,0,0,0,0,0.0,,,
10006,1000607,20200101,ACT10006,0,2001,123,12,0.0,0,20230601,A,600.0,30000,100000,100000,0,0,0,0,0.0,,,
10006,1000608,20200101,ACT10006,0,2001,123,12,0.0,0,20230501,A,600.0,30000,100000,100000,0,0,0,0,0.0,,,
10006,1000609,20200101,ACT10006,0,2001,123,12,0.0,0,20230401,A,600.0,30000,100000,100000,0,0,0,0,0.0,,,
10006,1000610,20200101,ACT10006,0,2001,123,12,0.0,0,20230301,A,600.0,30000,100000,100000,0,0,0,0,0.0,,,
10006,1000611,20200101,ACT10006,0,2001,123,12,0.0,0,20230201,A,600.0,30000,100000,100000,0,0,0,0,0.0,,,
10006,1000612,20200101,ACT10006,0,2001,123,12,0.0,0,20230101,A,600.0,30000,100000,100000,0,0,0,0,0.0,,,
10006,1000613,20200101,ACT10006,0,2001,123,12,0.0,0,20221201,A,600.0,30000,100000,100000,0,0,0,0,0.0,,,
10006,1000614,20200101,ACT10006,0,2001,123,12,0.0,0,20221101,A,600.0,30000,100000,100000,0,0,0,0,0.0,,,
10006,1000615,20200101,ACT10006,0,2001,123,12,0.0,0,20221001,A,600.0,30000,100000,100000,0,0,0,0,0.0,,,
10006,1000616,20200101,ACT10006,0,2001,123,12,0.0,0,20220901,A,600.0,30000,100000,100000,0,0,0,0,0.0,,,
10006,1000617,20200101,ACT10006,0,2001,123,12,0.0,0,20220801,A,600.0,30000,100000,100000,0,0,0,0,0.0,,,
10006,1000618,20200101,ACT10006,0,2001,123,12,0.0,0,20220701,A,600.0,30000,100000,100000,0,0,0,0,0.0,,,
10006,1000619,20200101,ACT10006,0,2001,123,12,0.0,0,20220601,A,600.0,30000,100000,100000,0,0,0,0,0.0,,,
10006,1000620,20200101,ACT10006,0,2001,123,12,0.0,0,20220501,A,600.0,30000,100000,100000,0,0,0,0,0.0,,,
10006,1000621,20200101,ACT10006,0,2001,123,12,0.0,0,20220401,A,600.0,30000,100000,100000,0,0,0,0,0.0,,,
10006,1000622,20200101,ACT10006,0,2001,123,12,0.0,0,20220301,A,600.0,30000,100000,100000,0,0,0,0,0.0,,,
10006,1000623,20200101,ACT10006,0,2001,123,12,0.0,0,20220201,A,600.0,30000,100000,100000,0,0,0,0,0.0,,,
10007,1000700,20200101,ACT10007,0,2001,123,12,0.0,0,20240101,A,600.0,30000,100000,100000,0,0,0,0,0.0,,,
10007,1000701,20200101,ACT10007,0,2001,123,12,0.0,0,20231201,A,600.0,30000,100000,100000,0,0,0,0,0.0,,,
10007,1000702,20200101,ACT10007,0,2001,123,12,0.0,0,20231101,A,600.0,30000,100000,100000,0,0,0,0,0.0,,,
10007,1000703,20200101,ACT10007,0,2001,123,12,0.0,0,20231001,A,600.0,30000,100000,100000,0,0,0,0,0.0,,,
10007,1000704,20200101,ACT10007,0,2001,123,12,0.0,0,20230901,A,600.0,30000,100000,100000,0,0,0,0,0.0,,,
10007,1000705,20200101,ACT10007,0,2001,123,12,0.0,0,20230801,A,600.0,30000,100000,100000,0,0,0,0,0.0,,,
10007,1000706,20200101,ACT10007,0,2001,123,12,0.0,0,20230701,A,600.0,30000,100000,100000,0,0,0,0,0.0,,,
10007,1000707,20200101,ACT10007,0,2001,123,12,0.0,0,20230601,A,600.0,30000,100000,100000,0,0,0,0,0.0,,,
10007,1000708,20200101,ACT10007,0,2001,123,12,0.0,0,20230501,A,600.0,30000,100000,100000,0,0,0,0,0.0,,,
10007,1000709,20200101,ACT10007,0,2001,123,12,0.0,0,20230401,A,600.0,30000,100000,100000,0,0,0,0,0.0,,,
10007,1000710,20200101,ACT10007,0,2001,123,12,0.0,0,20230301,A,600.0,30000,100000,100000,0,0,0,0,0.0,,,
10007,1000711,20200101,ACT10007,0,2001,123,12,0.0,0,20230201,A,600.0,30000,100000,100000,0,0,0,0,0.0,,,
10007,1000712,20200101,ACT10007,0,2001,123,12,0.0,0,20230101,A,600.0,30000,100000,100000,0,0,0,0,0.0,,,
10007,1000713,20200101,ACT10007,0,2001,123,12,0.0,0,20221201,A,600.0,30000,100000,100000,0,0,0,0,0.0,,,
10007,1000714,20200101,ACT10007,0,2001,123,12,0.0,0,20221101,A,600.0,30000,100000,100000,0,0,0,0,0.0,,,
10007,1000715,20200101,ACT10007,0,2001,123,12,0.0,0,20221001,A,600.0,30000,100000,100000,0,0,0,0,0.0,,,
10007,1000716,20200101,ACT10007,0,2001,123,12,0.0,0,20220901,A,600.0,30000,100000,100000,0,0,0,0,0.0,,,
10007,1000717,20200101,ACT10007,0,2001,123,12,0.0,0,20220801,A,600.0,30000,100000,100000,0,0,0,0,0.0,,,
10007,1000718,20200101,ACT10007,0,2001,123,12,0.0,0,20220701,A,600.0,30000,100000,100000,0,0,0,0,0.0,,,
10007,1000719,20200101,ACT10007,0,2001,123,12,0.0,0,20220601,A,600.0,30000,100000,100000,0,0,0,0,0.0,,,
10007,1000720,20200101,ACT10007,0,2001,123,12,0.0,0,20220501,A,600.0,30000,100000,100000,0,0,0,0,0.0,,,
10007,1000721,20200101,ACT10007,0,2001,123,12,0.0,0,20220401,A,600.0,30000,100000,100000,0,0,0,0,0.0,,,
10007,1000722,20200101,ACT10007,0,2001,123,12,0.0,0,20220301,A,600.0,30000,100000,100000,0,0,0,0,0.0,,,
10007,1000723,20200101,ACT10007,0,2001,123,12,0.0,0,20220201,A,600.0,30000,100000,100000,0,0,0,0,0.0,,,
10008,1000800,20200101,ACT10008,0,2001,123,12,0.0,0,20240101,A,600.0,30000,100000,100000,0,0,0,0,0.0,,,
10008,1000801,20200101,ACT10008,0,2001,123,12,0.0,0,20231201,A,600.0,30000,100000,100000,0,0,0,0,0.0,,,
10008,1000802,20200101,ACT10008,0,2001,123,12,0.0,0,20231101,A,600.0,30000,100000,100000,0,0,0,0,0.0,,,
10008,1000803,20200101,ACT10008,0,2001,123,12,0.0,0,20231001,A,600.0,30000,100000,100000,0,0,0,0,0.0,,,
10008,1000804,20200101,ACT10008,0,2001,123,12,0.0,0,20230901,A,600.0,30000,100000,100000,0,0,0,0,0.0,,,
10008,1000805,20200101,ACT10008,0,2001,123,12,0.0,0,20230801,A,600.0,30000,100000,100000,0,0,0,0,0.0,,,
10008,1000806,20200101,ACT10008,0,2001,123,12,0.0,0,20230701,A,600.0,30000,100000,100000,0,0,0,0,0.0,,,
10008,1000807,20200101,ACT10008,0,2001,123,12,0.0,0,20230601,A,600.0,30000,100000,100000,0,0,0,0,0.0,,,
10008,1000808,20200101,ACT10008,0,2001,123,12,0.0,0,20230501,A,600.0,30000,100000,100000,0,0,0,0,0.0,,,
10008,1000809,20200101,ACT10008,0,2001,123,12,0.0,0,20230401,A,600.0,30000,100000,100000,0,0,0,0,0.0,,,
10008,1000810,20200101,ACT10008,0,2001,123,12,0.0,0,20230301,A,600.0,30000,100000,100000,0,0,0,0,0.0,,,
10008,1000811,20200101,ACT10008,0,2001,123,12,0.0,0,20230201,A,600.0,30000,100000,100000,0,0,0,0,0.0,,,
10008,1000812,20200101,ACT10008,0,2001,123,12,0.0,0,20230101,A,600.0,30000,100000,100000,0,0,0,0,0.0,,,
10008,1000813,20200101,ACT10008,0,2001,123,12,0.0,0,20221201,A,600.0,30000,100000,100000,0,0,0,0,0.0,,,
10008,1000814,20200101,ACT10008,0,2001,123,12,0.0,0,20221101,A,600.0,30000,100000,100000,0,0,0,0,0.0,,,
10008,1000815,20200101,ACT10008,0,2001,123,12,0.0,0,20221001,A,600.0,30000,100000,100000,0,0,0,0,0.0,,,
10008,1000816,20200101,ACT10008,0,2001,123,12,0.0,0,20220901,A,600.0,30000,100000,100000,0,0,0,0,0.0,,,
10008,1000817,20200101,ACT10008,0,2001,123,12,0.0,0,20220801,A,600.0,30000,100000,100000,0,0,0,0,0.0,,,
10008,1000818,20200101,ACT10008,0,2001,123,12,0.0,0,20220701,A,600.0,30000,100000,100000,0,0,0,0,0.0,,,
10008,1000819,20200101,ACT10008,0,2001,123,12,0.0,0,20220601,A,600.0,30000,100000,100000,0,0,0,0,0.0,,,
10008,1000820,20200101,ACT10008,0,2001,123,12,0.0,0,20220501,A,600.0,30000,100000,100000,0,0,0,0,0.0,,,
10008,1000821,20200101,ACT10008,0,2001,123,12,0.0,0,20220401,A,600.0,30000,100000,100000,0,0,0,0,0.0,,,
10008,1000822,20200101,ACT10008,0,2001,123,12,0.0,0,20220301,A,600.0,30000,100000,100000,0,0,0,0,0.0,,,
10008,1000823,20200101,ACT10008,0,2001,123,12,0.0,0,20220201,A,600.0,30000,100000,100000,0,0,0,0,0.0,,,
10009,1000900,20200101,ACT10009,0,2001,123,12,0.0,0,20240101,A,600.0,30000,100000,100000,0,0,0,0,0.0,,,
10009,1000901,20200101,ACT10009,0,2001,123,12,0.0,0,20231201,A,600.0,30000,100000,100000,0,0,0,0,0.0,,,
10009,1000902,20200101,ACT10009,0,2001,123,12,0.0,0,20231101,A,600.0,30000,100000,100000,0,0,0,0,0.0,,,
10009,1000903,20200101,ACT10009,0,2001,123,12,0.0,0,20231001,A,600.0,30000,100000,100000,0,0,0,0,0.0,,,
10009,1000904,20200101,ACT10009,0,2001,123,12,0.0,0,20230901,A,600.0,30000,100000,100000,0,0,0,0,0.0,,,
10009,1000905,20200101,ACT10009,0,2001,123,12,0.0,0,20230801,A,600.0,30000,100000,100000,0,0,0,0,0.0,,,
10009,1000906,20200101,ACT10009,0,2001,123,12,0.0,0,20230701,A,600.0,30000,100000,100000,0,0,0,0,0.0,,,
10009,1000907,20200101,ACT10009,0,2001,123,12,0.0,0,20230601,A,600.0,30000,100000,100000,0,0,0,0,0.0,,,
10009,1000908,20200101,ACT10009,0,2001,123,12,0.0,0,20230501,A,600.0,30000,100000,100000,0,0,0,0,0.0,,,
10009,1000909,20200101,ACT10009,0,2001,123,12,0.0,0,20230401,A,600.0,30000,100000,100000,0,0,0,0,0.0,,,
10009,1000910,20200101,ACT10009,0,2001,123,12,0.0,0,20230301,A,600.0,30000,100000,100000,0,0,0,0,0.0,,,
10009,1000911,20200101,ACT10009,0,2001,123,12,0.0,0,20230201,A,600.0,30000,100000,100000,0,0,0,0,0.0,,,
10009,1000912,20200101,ACT10009,0,2001,123,12,0.0,0,20230101,A,600.0,30000,100000,100000,0,0,0,0,0.0,,,
10009,1000913,20200101,ACT10009,0,2001,123,12,0.0,0,20221201,A,600.0,30000,100000,100000,0,0,0,0,0.0,,,
10009,1000914,20200101,ACT10009,0,2001,123,12,0.0,0,20221101,A,600.0,30000,100000,100000,0,0,0,0,0.0,,,
10009,1000915,20200101,ACT10009,0,2001,123,12,0.0,0,20221001,A,600.0,30000,100000,100000,0,0,0,0,0.0,,,
10009,1000916,20200101,ACT10009,0,2001,123,12,0.0,0,20220901,A,600.0,30000,100000,100000,0,0,0,0,0.0,,,
10009,1000917,20200101,ACT10009,0,2001,123,12,0.0,0,20220801,A,600.0,30000,100000,100000,0,0,0,0,0.0,,,
10009,1000918,20200101,ACT10009,0,2001,123,12,0.0,0,20220701,A,600.0,30000,100000,100000,0,0,0,0,0.0,,,
10009,1000919,20200101,ACT10009,0,2001,123,12,0.0,0,20220601,A,600.0,30000,100000,100000,0,0,0,0,0.0,,,
10009,1000920,20200101,ACT10009,0,2001,123,12,0.0,0,20220501,A,600.0,30000,100000,100000,0,0,0,0,0.0,,,
10009,1000921,20200101,ACT10009,0,2001,123,12,0.0,0,20220401,A,600.0,30000,100000,100000,0,0,0,0,0.0,,,
10009,1000922,20200101,ACT10009,0,2001,123,12,0.0,0,20220301,A,600.0,30000,100000,100000,0,0,0,0,0.0,,,
10009,1000923,20200101,ACT10009,0,2001,123,12,0.0,0,20220201,A,600.0,30000,100000,100000,0,0,0,0,0.0,,,
10010,1001000,20200101,ACT10010,0,1002,1,12,0.0,0,20240101,A,10000.0,500000,100000,600000,0,0,0,0,0.0,,,
10010,1001001,20200101,ACT10010,0,1002,1,12,0.0,0,20231201,A,10000.0,500000,100000,600000,0,0,0,0,0.0,,,
10010,1001002,20200101,ACT10010,0,1002,1,12,0.0,0,20231101,A,10000.0,500000,100000,600000,0,0,0,0,0.0,,,
10010,1001003,20200101,ACT10010,0,1002,1,12,0.0,0,20231001,A,10000.0,500000,100000,600000,0,0,0,0,0.0,,,
10010,1001004,20200101,ACT10010,0,1002,1,12,0.0,0,20230901,A,10000.0,500000,100000,600000,0,0,0,0,0.0,,,
10010,1001005,20200101,ACT10010,0,1002,1,12,0.0,0,20230801,A,10000.0,500000,100000,600000,0,0,0,0,0.0,,,
10010,1001006,20200101,ACT10010,0,1002,1,12,0.0,0,20230701,A,10000.0,500000,100000,600000,0,0,0,0,0.0,,,
10010,1001007,20200101,ACT10010,0,1002,1,12,0.0,0,20230601,A,10000.0,500000,100000,600000,0,0,0,0,0.0,,,
10010,1001008,20200101,ACT10010,0,1002,1,12,0.0,0,20230501,A,10000.0,500000,100000,600000,0,0,0,0,0.0,,,
10010,1001009,20200101,ACT10010,0,1002,1,12,0.0,0,20230401,A,10000.0,500000,100000,600000,0,0,0,0,0.0,,,
10010,1001010,20200101,ACT10010,0,1002,1,12,0.0,0,20230301,A,10000.0,500000,100000,600000,0,0,0,0,0.0,,,
10010,1001011,20200101,ACT10010,0,1002,1,12,0.0,0,20230201,A,10000.0,500000,100000,600000,0,0,0,0,0.0,,,
10010,1001012,20200101,ACT10010,0,1002,1,12,0.0,0,20230101,A,10000.0,500000,100000,600000,0,0,0,0,0.0,,,
10010,1001013,20200101,ACT10010,0,1002,1,12,0.0,0,20221201,A,10000.0,500000,100000,600000,0,0,0,0,0.0,,,
10010,1001014,20200101,ACT10010,0,1002,1,12,0.0,0,20221101,A,10000.0,500000,100000,600000,0,0,0,0,0.0,,,
10010,1001015,20200101,ACT10010,0,1002,1,12,0.0,0,20221001,A,10000.0,500000,100000,600000,0,0,0,0,0.0,,,
10010,1001016,20200101,ACT10010,0,1002,1,12,0.0,0,20220901,A,10000.0,500000,100000,600000,0,0,0,0,0.0,,,
10010,1001017,20200101,ACT10010,0,1002,1,12,0.0,0,20220801,A,10000.0,500000,100000,600000,0,0,0,0,0.0,,,
10010,1001018,20200101,ACT10010,0,1002,1,12,0.0,0,20220701,A,10000.0,500000,100000,600000,0,0,0,0,0.0,,,
10010,1001019,20200101,ACT10010,0,1002,1,12,0.0,0,20220601,A,10000.0,500000,100000,600000,0,0,0,0,0.0,,,
10010,1001020,20200101,ACT10010,0,1002,1,12,0.0,0,20220501,A,10000.0,500000,100000,600000,0,0,0,0,0.0,,,
10010,1001021,20200101,ACT10010,0,1002,1,12,0.0,0,20220401,A,10000.0,500000,100000,600000,0,0,0,0,0.0,,,
10010,1001022,20200101,ACT10010,0,1002,1,12,0.0,0,20220301,A,10000.0,500000,100000,600000,0,0,0,0,0.0,,,
10010,1001023,20200101,ACT10010,0,1002,1,12,0.0,0,20220201,A,10000.0,500000,100000,600000,0,0,0,0,0.0,,,
10011,1001100,20200101,ACT10011,0,2002,220,12,0.0,0,20240101,A,800.0,40000,100000,0,0,0,0,0,0.0,,,
10011,1001101,20200101,ACT10011,0,2002,220,12,0.0,0,20231201,A,800.0,40000,100000,0,0,0,0,0,0.0,,,
10011,1001102,20200101,ACT10011,0,2002,220,12,0.0,0,20231101,A,800.0,40000,100000,0,0,0,0,0,0.0,,,
10011,1001103,20200101,ACT10011,0,2002,220,12,0.0,0,20231001,A,800.0,40000,100000,0,0,0,0,0,0.0,,,
10011,1001104,20200101,ACT10011,0,2002,220,12,0.0,0,20230901,A,800.0,40000,100000,0,0,0,0,0,0.0,,,
10011,1001105,20200101,ACT10011,0,2002,220,12,0.0,0,20230801,A,800.0,40000,100000,0,0,0,0,0,0.0,,,
10011,1001106,20200101,ACT10011,0,2002,220,12,0.0,0,20230701,A,800.0,40000,100000,0,0,0,0,0,0.0,,,
10011,1001107,20200101,ACT10011,0,2002,220,12,0.0,0,20230601,A,800.0,40000,100000,0,0,0,0,0,0.0,,,
10011,1001108,20200101,ACT10011,0,2002,220,12,0.0,0,20230501,A,800.0,40000,100000,0,0,0,0,0,0.0,,,
10011,1001109,20200101,ACT10011,0,2002,220,12,0.0,0,20230401,A,800.0,40000,100000,0,0,0,0,0,0.0,,,
10011,1001110,20200101,ACT10011,0,2002,220,12,0.0,0,20230301,A,800.0,40000,100000,0,0,0,0,0,0.0,,,
10011,1001111,20200101,ACT10011,0,2002,220,12,0.0,0,20230201,A,800.0,40000,100000,0,0,0,0,0,0.0,,,
10011,1001112,20200101,ACT10011,0,2002,220,12,0.0,0,20230101,A,800.0,40000,100000,0,0,0,0,0,0.0,,,
10011,1001113,20200101,ACT10011,0,2002,220,12,0.0,0,20221201,A,800.0,40000,100000,0,0,0,0,0,0.0,,,
10011,1001114,20200101,ACT10011,0,2002,220,12,0.0,0,20221101,A,800.0,40000,100000,0,0,0,0,0,0.0,,,
10011,1001115,20200101,ACT10011,0,2002,220,12,0.0,0,20221001,A,800.0,40000,100000,0,0,0,0,0,0.0,,,
10011,1001116,20200101,ACT10011,0,2002,220,12,0.0,0,20220901,A,800.0,40000,100000,0,0,0,0,0,0.0,,,
10011,1001117,20200101,ACT10011,0,2002,220,12,0.0,0,20220801,A,800.0,40000,100000,0,0,0,0,0,0.0,,,
10011,1001118,20200101,ACT10011,0,2002,220,12,0.0,0,20220701,A,800.0,40000,100000,0,0,0,0,0,0.0,,,
10011,1001119,20200101,ACT10011,0,2002,220,12,0.0,0,20220601,A,800.0,40000,100000,0,0,0,0,0,0.0,,,
10011,1001120,20200101,ACT10011,0,2002,220,12,0.0,0,20220501,A,800.0,40000,100000,0,0,0,0,0,0.0,,,
10011,1001121,20200101,ACT10011,0,2002,220,12,0.0,0,20220401,A,800.0,40000,100000,0,0,0,0,0,0.0,,,
10011,1001122,20200101,ACT10011,0,2002,220,12,0.0,0,20220301,A,800.0,40000,100000,0,0,0,0,0,0.0,,,
10011,1001123,20200101,ACT10011,0,2002,220,12,0.0,0,20220201,A,800.0,40000,100000,0,0,0,0,0,0.0,,,
10012,1001200,20200101,ACT10012,0,1003,2,12,0.0,0,20240101,A,40000.0,2000000,100000,2500000,0,0,0,0,0.0,,,
10012,1001201,20200101,ACT10012,0,1003,2,12,0.0,0,20231201,A,40000.0,2000000,100000,2500000,0,0,0,0,0.0,,,
10012,1001202,20200101,ACT10012,0,1003,2,12,0.0,0,20231101,A,40000.0,2000000,100000,2500000,0,0,0,0,0.0,,,
10012,1001203,20200101,ACT10012,0,1003,2,12,0.0,0,20231001,A,40000.0,2000000,100000,2500000,0,0,0,0,0.0,,,
10012,1001204,20200101,ACT10012,0,1003,2,12,0.0,0,20230901,A,40000.0,2000000,100000,2500000,0,0,0,0,0.0,,,
10012,1001205,20200101,ACT10012,0,1003,2,12,0.0,0,20230801,A,40000.0,2000000,100000,2500000,0,0,0,0,0.0,,,
10012,1001206,20200101,ACT10012,0,1003,2,12,0.0,0,20230701,A,40000.0,2000000,100000,2500000,0,0,0,0,0.0,,,
10012,1001207,20200101,ACT10012,0,1003,2,12,0.0,0,20230601,A,40000.0,2000000,100000,2500000,0,0,0,0,0.0,,,
10012,1001208,20200101,ACT10012,0,1003,2,12,0.0,0,20230501,A,40000.0,2000000,100000,2500000,0,0,0,0,0.0,,,
10012,1001209,20200101,ACT10012,0,1003,2,12,0.0,0,20230401,A,40000.0,2000000,100000,2500000,0,0,0,0,0.0,,,
10012,1001210,20200101,ACT10012,0,1003,2,12,0.0,0,20230301,A,40000.0,2000000,100000,2500000,0,0,0,0,0.0,,,
10012,1001211,20200101,ACT10012,0,1003,2,12,0.0,0,20230201,A,40000.0,2000000,100000,2500000,0,0,0,0,0.0,,,
10012,1001212,20200101,ACT10012,0,1003,2,12,0.0,0,20230101,A,40000.0,2000000,100000,2500000,0,0,0,0,0.0,,,
10012,1001213,20200101,ACT10012,0,1003,2,12,0.0,0,20221201,A,40000.0,2000000,100000,2500000,0,0,0,0,0.0,,,
10012,1001214,20200101,ACT10012,0,1003,2,12,0.0,0,20221101,A,40000.0,2000000,100000,2500000,0,0,0,0,0.0,,,
10012,1001215,20200101,ACT10012,0,1003,2,12,0.0,0,20221001,A,40000.0,2000000,100000,2500000,0,0,0,0,0.0,,,
10012,1001216,20200101,ACT10012,0,1003,2,12,0.0,0,20220901,A,40000.0,2000000,100000,2500000,0,0,0,0,0.0,,,
10012,1001217,20200101,ACT10012,0,1003,2,12,0.0,0,20220801,A,40000.0,2000000,100000,2500000,0,0,0,0,0.0,,,
10012,1001218,20200101,ACT10012,0,1003,2,12,0.0,0,20220701,A,40000.0,2000000,100000,2500000,0,0,0,0,0.0,,,
10012,1001219,20200101,ACT10012,0,1003,2,12,0.0,0,20220601,A,40000.0,2000000,100000,2500000,0,0,0,0,0.0,,,
10012,1001220,20200101,ACT10012,0,1003,2,12,0.0,0,20220501,A,40000.0,2000000,100000,2500000,0,0,0,0,0.0,,,
10012,1001221,20200101,ACT10012,0,1003,2,12,0.0,0,20220401,A,40000.0,2000000,100000,2500000,0,0,0,0,0.0,,,
10012,1001222,20200101,ACT10012,0,1003,2,12,0.0,0,20220301,A,40000.0,2000000,100000,2500000,0,0,0,0,0.0,,,
10012,1001223,20200101,ACT10012,0,1003,2,12,0.0,0,20220201,A,40000.0,2000000,100000,2500000,0,0,0,0,0.0,,,
10012,1001224,20200101,ACT10012,0,1003,2,12,0.0,0,20220101,A,40000.0,2000000,100000,2500000,0,0,0,0,0.0,,,
10012,1001225,20200101,ACT10012,0,1003,2,12,0.0,0,20211201,A,40000.0,2000000,100000,2500000,0,0,0,0,0.0,,,
10012,1001226,20200101,ACT10012,0,1003,2,12,0.0,0,20211101,A,40000.0,2000000,100000,2500000,0,0,0,0,0.0,,,
10012,1001227,20200101,ACT10012,0,1003,2,12,0.0,0,20211001,A,40000.0,2000000,100000,2500000,0,0,0,0,0.0,,,
10012,1001228,20200101,ACT10012,0,1003,2,12,0.0,0,20210901,A,40000.0,2000000,100000,2500000,0,0,0,0,0.0,,,
10012,1001229,20200101,ACT10012,0,1003,2,12,0.0,0,20210801,A,40000.0,2000000,100000,2500000,0,0,0,0,0.0,,,
10012,1001230,20200101,ACT10012,0,1003,2,12,0.0,0,20210701,A,40000.0,2000000,100000,2500000,0,0,0,0,0.0,,,
10012,1001231,20200101,ACT10012,0,1003,2,12,0.0,0,20210601,A,40000.0,2000000,100000,2500000,0,0,0,0,0.0,,,
10012,1001232,20200101,ACT10012,0,1003,2,12,0.0,0,20210501,A,40000.0,2000000,100000,2500000,0,0,0,0,0.0,,,
10012,1001233,20200101,ACT10012,0,1003,2,12,0.0,0,20210401,A,40000.0,2000000,100000,2500000,0,0,0,0,0.0,,,
10012,1001234,20200101,ACT10012,0,1003,2,12,0.0,0,20210301,A,40000.0,2000000,100000,2500000,0,0,0,0,0.0,,,
10012,1001235,20200101,ACT10012,0,1003,2,12,0.0,0,20210201,A,40000.0,2000000,100000,2500000,0,0,0,0,0.0,,,
10013,1001300,20200101,ACT10013,0,1004,167,12,0.0,0,20240101,A,3000.0,150000,100000,200000,0,0,0,0,0.0,,,
10013,1001301,20200101,ACT10013,0,1004,167,12,0.0,0,20231201,A,3000.0,150000,100000,200000,0,0,0,0,0.0,,,
10013,1001302,20200101,ACT10013,0,1004,167,12,0.0,0,20231101,A,3000.0,150000,100000,200000,0,0,0,0,0.0,,,
10013,1001303,20200101,ACT10013,0,1004,167,12,0.0,0,20231001,A,3000.0,150000,100000,200000,0,0,0,0,0.0,,,
10013,1001304,20200101,ACT10013,0,1004,167,12,0.0,0,20230901,A,3000.0,150000,100000,200000,0,0,0,0,0.0,,,
10013,1001305,20200101,ACT10013,0,1004,167,12,0.0,0,20230801,A,3000.0,150000,100000,200000,0,0,0,0,0.0,,,
10013,1001306,20200101,ACT10013,0,1004,167,12,0.0,0,20230701,A,3000.0,150000,100000,200000,0,0,0,0,0.0,,,
10013,1001307,20200101,ACT10013,0,1004,167,12,0.0,0,20230601,A,3000.0,150000,100000,200000,0,0,0,0,0.0,,,
10013,1001308,20200101,ACT10013,0,1004,167,12,0.0,0,20230501,A,3000.0,150000,100000,200000,0,0,0,0,0.0,,,
10013,1001309,20200101,ACT10013,0,1004,167,12,0.0,0,20230401,A,3000.0,150000,100000,200000,0,0,0,0,0.0,,,
10013,1001310,20200101,ACT10013,0,1004,167,12,0.0,0,20230301,A,3000.0,150000,100000,200000,0,0,0,0,0.0,,,
10013,1001311,20200101,ACT10013,0,1004,167,12,0.0,0,20230201,A,3000.0,150000,100000,200000,0,0,0,0,0.0,,,
10013,1001312,20200101,ACT10013,0,1004,167,12,0.0,0,20230101,A,3000.0,150000,100000,200000,0,0,0,0,0.0,,,
10013,1001313,20200101,ACT10013,0,1004,167,12,0.0,0,20221201,A,3000.0,150000,100000,200000,0,0,0,0,0.0,,,
10013,1001314,20200101,ACT10013,0,1004,167,12,0.0,0,20221101,A,3000.0,150000,100000,200000,0,0,0,0,0.0,,,
10013,1001315,20200101,ACT10013,0,1004,167,12,0.0,0,20221001,A,3000.0,150000,100000,200000,0,0,0,0,0.0,,,
10013,1001316,20200101,ACT10013,0,1004,167,12,0.0,0,20220901,A,3000.0,150000,100000,200000,0,0,0,0,0.0,,,
10013,1001317,20200101,ACT10013,0,1004,167,12,0.0,0,20220801,A,3000.0,150000,100000,200000,0,0,0,0,0.0,,,
10013,1001318,20200101,ACT10013,0,1004,167,12,0.0,0,20220701,A,3000.0,150000,100000,200000,0,0,0,0,0.0,,,
10013,1001319,20200101,ACT10013,0,1004,167,12,0.0,0,20220601,A,3000.0,150000,100000,200000,0,0,0,0,0.0,,,
10013,1001320,20200101,ACT10013,0,1004,167,12,0.0,0,20220501,A,3000.0,150000,100000,200000,0,0,0,0,0.0,,,
10013,1001321,20200101,ACT10013,0,1004,167,12,0.0,0,20220401,A,3000.0,150000,100000,200000,0,0,0,0,0.0,,,
10013,1001322,20200101,ACT10013,0,1004,167,12,0.0,0,20220301,A,3000.0,150000,100000,200000,0,0,0,0,0.0,,,
10013,1001323,20200101,ACT10013,0,1004,167,12,0.0,0,20220201,A,3000.0,150000,100000,200000,0,0,0,0,0.0,,,
10014,1001400,20200101,ACT10014,0,2003,130,12,0.0,0,20240101,A,1000.0,50000,100000,100000,0,0,0,0,0.0,,,
10014,1001401,20200101,ACT10014,0,2003,130,12,0.0,0,20231201,A,1000.0,50000,100000,100000,0,0,0,0,0.0,,,
10014,1001402,20200101,ACT10014,0,2003,130,12,0.0,0,20231101,A,1000.0,50000,100000,100000,0,0,0,0,0.0,,,
10014,1001403,20200101,ACT10014,0,2003,130,12,0.0,0,20231001,A,1000.0,50000,100000,100000,0,0,0,0,0.0,,,
10014,1001404,20200101,ACT10014,0,2003,130,12,0.0,0,20230901,A,1000.0,50000,100000,100000,0,0,0,0,0.0,,,
10014,1001405,20200101,ACT10014,0,2003,130,12,0.0,0,20230801,A,1000.0,50000,100000,100000,0,0,0,0,0.0,,,
10014,1001406,20200101,ACT10014,0,2003,130,12,0.0,0,20230701,A,1000.0,50000,100000,100000,0,0,0,0,0.0,,,
10014,1001407,20200101,ACT10014,0,2003,130,12,0.0,0,20230601,A,1000.0,50000,100000,100000,0,0,0,0,0.0,,,
10014,1001408,20200101,ACT10014,0,2003,130,12,0.0,0,20230501,A,1000.0,50000,100000,100000,0,0,0,0,0.0,,,
10014,1001409,20200101,ACT10014,0,2003,130,12,0.0,0,20230401,A,1000.0,50000,100000,100000,0,0,0,0,0.0,,,
10014,1001410,20200101,ACT10014,0,2003,130,12,0.0,0,20230301,A,1000.0,50000,100000,100000,0,0,0,0,0.0,,,
10014,1001411,20200101,ACT10014,0,2003,130,12,0.0,0,20230201,A,1000.0,50000,100000,100000,0,0,0,0,0.0,,,
10014,1001412,20200101,ACT10014,0,2003,130,12,0.0,0,20230101,A,1000.0,50000,100000,100000,0,0,0,0,0.0,,,
10014,1001413,20200101,ACT10014,0,2003,130,12,0.0,0,20221201,A,1000.0,50000,100000,100000,0,0,0,0,0.0,,,
10014,1001414,20200101,ACT10014,0,2003,130,12,0.0,0,20221101,A,1000.0,50000,100000,100000,0,0,0,0,0.0,,,
10014,1001415,20200101,ACT10014,0,2003,130,12,0.0,0,20221001,A,1000.0,50000,100000,100000,0,0,0,0,0.0,,,
10014,1001416,20200101,ACT10014,0,2003,130,12,0.0,0,20220901,A,1000.0,50000,100000,100000,0,0,0,0,0.0,,,
10014,1001417,20200101,ACT10014,0,2003,130,12,0.0,0,20220801,A,1000.0,50000,100000,100000,0,0,0,0,0.0,,,
10014,1001418,20200101,ACT10014,0,2003,130,12,0.0,0,20220701,A,1000.0,50000,100000,100000,0,0,0,0,0.0,,,
10014,1001419,20200101,ACT10014,0,2003,130,12,0.0,0,20220601,A,1000.0,50000,100000,100000,0,0,0,0,0.0,,,
10014,1001420,20200101,ACT10014,0,2003,130,12,0.0,0,20220501,A,1000.0,50000,100000,100000,0,0,0,0,0.0,,,
10014,1001421,20200101,ACT10014,0,2003,130,12,0.0,0,20220401,A,1000.0,50000,100000,100000,0,0,0,0,0.0,,,
10014,1001422,20200101,ACT10014,0,2003,130,12,0.0,0,20220301,A,1000.0,50000,100000,100000,0,0,0,0,0.0,,,
10014,1001423,20200101,ACT10014,0,2003,130,12,0.0,0,20220201,A,1000.0,50000,100000,100000,0,0,0,0,0.0,,,
10015,1001500,20200101,ACT10015,0,1005,123,12,0.0,0,20240101,A,2000.0,100000,100000,200000,0,0,0,0,0.0,,,
10015,1001501,20200101,ACT10015,0,1005,123,12,0.0,0,20231201,A,2000.0,100000,100000,200000,0,0,0,0,0.0,,,
10015,1001502,20200101,ACT10015,0,1005,123,12,0.0,0,20231101,A,2000.0,100000,100000,200000,0,0,0,0,0.0,,,
10015,1001503,20200101,ACT10015,0,1005,123,12,0.0,0,20231001,A,2000.0,100000,100000,200000,0,0,0,0,0.0,,,
10015,1001504,20200101,ACT10015,0,1005,123,12,0.0,0,20230901,A,2000.0,100000,100000,200000,0,0,0,0,0.0,,,
10015,1001505,20200101,ACT10015,0,1005,123,12,0.0,0,20230801,A,2000.0,100000,100000,200000,0,0,0,0,0.0,,,
10015,1001506,20200101,ACT10015,0,1005,123,12,0.0,0,20230701,A,2000.0,100000,100000,200000,0,0,0,0,0.0,,,
10015,1001507,20200101,ACT10015,0,1005,123,12,0.0,0,20230601,A,2000.0,100000,100000,200000,0,0,0,0,0.0,,,
10015,1001508,20200101,ACT10015,0,1005,123,12,0.0,0,20230501,A,2000.0,100000,100000,200000,0,0,0,0,0.0,,,
10015,1001509,20200101,ACT10015,0,1005,123,12,0.0,0,20230401,A,2000.0,100000,100000,200000,0,0,0,0,0.0,,,
10015,1001510,20200101,ACT10015,0,1005,123,12,0.0,0,20230301,A,2000.0,100000,100000,200000,0,0,0,0,0.0,,,
10015,1001511,20200101,ACT10015,0,1005,123,12,0.0,0,20230201,A,2000.0,100000,100000,200000,0,0,0,0,0.0,,,
10015,1001512,20200101,ACT10015,0,1005,123,12,0.0,0,20230101,A,2000.0,100000,100000,200000,45000,3,45,0,0.0,,,
10015,1001513,20200101,ACT10015,0,1005,123,12,0.0,0,20221201,A,2000.0,100000,100000,200000,45000,3,45,0,0.0,,,
10015,1001514,20200101,ACT10015,0,1005,123,12,0.0,0,20221101,A,2000.0,100000,100000,200000,45000,3,45,0,0.0,,,
10015,1001515,20200101,ACT10015,0,1005,123,12,0.0,0,20221001,A,2000.0,100000,100000,200000,45000,3,45,0,0.0,,,
10015,1001516,20200101,ACT10015,0,1005,123,12,0.0,0,20220901,A,2000.0,100000,100000,200000,0,0,0,0,0.0,,,
10015,1001517,20200101,ACT10015,0,1005,123,12,0.0,0,20220801,A,2000.0,100000,100000,200000,0,0,0,0,0.0,,,
10015,1001518,20200101,ACT10015,0,1005,123,12,0.0,0,20220701,A,2000.0,100000,100000,200000,0,0,0,0,0.0,,,
10015,1001519,20200101,ACT10015,0,1005,123,12,0.0,0,20220601,A,2000.0,100000,100000,200000,0,0,0,0,0.0,,,
10015,1001520,20200101,ACT10015,0,1005,123,12,0.0,0,20220501,A,2000.0,100000,100000,200000,0,0,0,0,0.0,,,
10015,1001521,20200101,ACT10015,0,1005,123,12,0.0,0,20220401,A,2000.0,100000,100000,200000,0,0,0,0,0.0,,,
10015,1001522,20200101,ACT10015,0,1005,123,12,0.0,0,20220301,A,2000.0,100000,100000,200000,0,0,0,0,0.0,,,
10015,1001523,20200101,ACT10015,0,1005,123,12,0.0,0,20220201,A,2000.0,100000,100000,200000,0,0,0,0,0.0,,,
10016,1001600,20200101,ACT10016,0,1006,123,12,0.0,0,20240101,A,2400.0,120000,100000,200000,0,0,95,0,0.0,,,
10016,1001601,20200101,ACT10016,0,1006,123,12,0.0,0,20231201,A,2400.0,120000,100000,200000,0,0,0,0,0.0,,,
10016,1001602,20200101,ACT10016,0,1006,123,12,0.0,0,20231101,A,2400.0,120000,100000,200000,0,0,0,0,0.0,,,
10016,1001603,20200101,ACT10016,0,1006,123,12,0.0,0,20231001,A,2400.0,120000,100000,200000,0,0,0,0,0.0,,,
10016,1001604,20200101,ACT10016,0,1006,123,12,0.0,0,20230901,A,2400.0,120000,100000,200000,0,0,0,0,0.0,,,
10016,1001605,20200101,ACT10016,0,1006,123,12,0.0,0,20230801,A,2400.0,120000,100000,200000,0,0,0,0,0.0,,,
10016,1001606,20200101,ACT10016,0,1006,123,12,0.0,0,20230701,A,2400.0,120000,100000,200000,0,0,0,0,0.0,,,
10016,1001607,20200101,ACT10016,0,1006,123,12,0.0,0,20230601,A,2400.0,120000,100000,200000,0,0,0,0,0.0,,,
10016,1001608,20200101,ACT10016,0,1006,123,12,0.0,0,20230501,A,2400.0,120000,100000,200000,0,0,0,0,0.0,,,
10016,1001609,20200101,ACT10016,0,1006,123,12,0.0,0,20230401,A,2400.0,120000,100000,200000,0,0,0,0,0.0,,,
10016,1001610,20200101,ACT10016,0,1006,123,12,0.0,0,20230301,A,2400.0,120000,100000,200000,120000,5,95,0,0.0,,,
10016,1001611,20200101,ACT10016,0,1006,123,12,0.0,0,20230201,A,2400.0,120000,100000,200000,120000,5,95,0,0.0,,,
10016,1001612,20200101,ACT10016,0,1006,123,12,0.0,0,20230101,A,2400.0,120000,100000,200000,120000,5,95,0,0.0,,,
10016,1001613,20200101,ACT10016,0,1006,123,12,0.0,0,20221201,A,2400.0,120000,100000,200000,120000,5,95,0,0.0,,,
10016,1001614,20200101,ACT10016,0,1006,123,12,0.0,0,20221101,A,2400.0,120000,100000,200000,0,0,0,0,0.0,,,
10016,1001615,20200101,ACT10016,0,1006,123,12,0.0,0,20221001,A,2400.0,120000,100000,200000,0,0,0,0,0.0,,,
10016,1001616,20200101,ACT10016,0,1006,123,12,0.0,0,20220901,A,2400.0,120000,100000,200000,0,0,0,0,0.0,,,
10016,1001617,20200101,ACT10016,0,1006,123,12,0.0,0,20220801,A,2400.0,120000,100000,200000,0,0,0,0,0.0,,,
10016,1001618,20200101,ACT10016,0,1006,123,12,0.0,0,20220701,A,2400.0,120000,100000,200000,0,0,0,0,0.0,,,
10016,1001619,20200101,ACT10016,0,1006,123,12,0.0,0,20220601,A,2400.0,120000,100000,200000,0,0,0,0,0.0,,,
10016,1001620,20200101,ACT10016,0,1006,123,12,0.0,0,20220501,A,2400.0,120000,100000,200000,0,0,0,0,0.0,,,
10016,1001621,20200101,ACT10016,0,1006,123,12,0.0,0,20220401,A,2400.0,120000,100000,200000,0,0,0,0,0.0,,,
10016,1001622,20200101,ACT10016,0,1006,123,12,0.0,0,20220301,A,2400.0,120000,100000,200000,0,0,0,0,0.0,,,
10016,1001623,20200101,ACT10016,0,1006,123,12,0.0,0,20220201,A,2400.0,120000,100000,200000,0,0,0,0,0.0,,,
10016,1001624,20200101,ACT10016,0,1006,123,12,0.0,0,20220101,A,2400.0,120000,100000,200000,0,0,0,0,0.0,,,
10016,1001625,20200101,ACT10016,0,1006,123,12,0.0,0,20211201,A,2400.0,120000,100000,200000,0,0,0,0,0.0,,,
10016,1001626,20200101,ACT10016,0,1006,123,12,0.0,0,20211101,A,2400.0,120000,100000,200000,0,0,0,0,0.0,,,
10016,1001627,20200101,ACT10016,0,1006,123,12,0.0,0,20211001,A,2400.0,120000,100000,200000,0,0,0,0,0.0,,,
10016,1001628,20200101,ACT10016,0,1006,123,12,0.0,0,20210901,A,2400.0,120000,100000,200000,0,0,0,0,0.0,,,
10016,1001629,20200101,ACT10016,0,1006,123,12,0.0,0,20210801,A,2400.0,120000,100000,200000,0,0,0,0,0.0,,,
10017,1001700,20230801,ACT10017,0,2004,123,12,0.0,0,20240101,A,1000.0,50000,100000,100000,0,0,0,0,0.0,,,
10017,1001701,20230801,ACT10017,0,2004,123,12,0.0,0,20231201,A,1000.0,50000,100000,100000,0,0,0,0,0.0,,,
10017,1001702,20230801,ACT10017,0,2004,123,12,0.0,0,20231101,A,1000.0,50000,100000,100000,0,0,0,0,0.0,,,
10017,1001703,20230801,ACT10017,0,2004,123,12,0.0,0,20231001,A,1000.0,50000,100000,100000,0,0,0,0,0.0,,,
10017,1001704,20230801,ACT10017,0,2004,123,12,0.0,0,20230901,A,1000.0,50000,100000,100000,0,0,0,0,0.0,,,
10018,1001824,20200101,ACT10018,20210601,1007,123,12,0.0,0,20220101,C,1600.0,80000,100000,200000,0,0,0,0,0.0,,,
10018,1001825,20200101,ACT10018,20210601,1007,123,12,0.0,0,20211201,C,1600.0,80000,100000,200000,0,0,0,0,0.0,,,
10018,1001826,20200101,ACT10018,20210601,1007,123,12,0.0,0,20211101,C,1600.0,80000,100000,200000,0,0,0,0,0.0,,,
10018,1001827,20200101,ACT10018,20210601,1007,123,12,0.0,0,20211001,C,1600.0,80000,100000,200000,0,0,0,0,0.0,,,
10018,1001828,20200101,ACT10018,20210601,1007,123,12,0.0,0,20210901,C,1600.0,80000,100000,200000,0,0,0,0,0.0,,,
10018,1001829,20200101,ACT10018,20210601,1007,123,12,0.0,0,20210801,C,1600.0,80000,100000,200000,0,0,0,0,0.0,,,
10018,1001830,20200101,ACT10018,20210601,1007,123,12,0.0,0,20210701,C,1600.0,80000,100000,200000,0,0,0,0,0.0,,,
10018,1001831,20200101,ACT10018,20210601,1007,123,12,0.0,0,20210601,C,1600.0,80000,100000,200000,0,0,0,0,0.0,,,
10018,1001832,20200101,ACT10018,20210601,1007,123,12,0.0,0,20210501,C,1600.0,80000,100000,200000,0,0,0,0,0.0,,,
10018,1001833,20200101,ACT10018,20210601,1007,123,12,0.0,0,20210401,C,1600.0,80000,100000,200000,0,0,0,0,0.0,,,
10018,1001834,20200101,ACT10018,20210601,1007,123,12,0.0,0,20210301,C,1600.0,80000,100000,200000,0,0,0,0,0.0,,,
10018,1001835,20200101,ACT10018,20210601,1007,123,12,0.0,0,20210201,C,1600.0,80000,100000,200000,0,0,0,0,0.0,,,
10019,1001900,20200101,ACT10019,20231001,1007,1,12,0.0,0,20240101,C,10000.0,500000,100000,600000,0,0,0,0,0.0,,,
10019,1001901,20200101,ACT10019,20231001,1007,1,12,0.0,0,20231201,C,10000.0,500000,100000,600000,0,0,0,0,0.0,,,
10019,1001902,20200101,ACT10019,20231001,1007,1,12,0.0,0,20231101,C,10000.0,500000,100000,600000,0,0,0,0,0.0,,,
10019,1001903,20200101,ACT10019,20231001,1007,1,12,0.0,0,20231001,C,10000.0,500000,100000,600000,0,0,0,0,0.0,,,
10020,1002000,20200101,ACT10020,0,2005,220,12,0.0,0,20240101,A,1800.0,90000,100000,0,0,0,0,0,0.0,,,
10020,1002001,20200101,ACT10020,0,2005,220,12,0.0,0,20231201,A,1800.0,90000,100000,0,0,0,0,0,0.0,,,
10020,1002002,20200101,ACT10020,0,2005,220,12,0.0,0,20231101,A,1800.0,90000,100000,0,0,0,0,0,0.0,,,
10020,1002003,20200101,ACT10020,0,2005,220,12,0.0,0,20231001,A,1800.0,90000,100000,0,0,0,0,0,0.0,,,
10020,1002004,20200101,ACT10020,0,2005,220,12,0.0,0,20230901,A,1800.0,90000,100000,0,0,0,0,0,0.0,,,
10020,1002005,20200101,ACT10020,0,2005,220,12,0.0,0,20230801,A,1800.0,90000,100000,0,0,0,0,0,0.0,,,
10020,1002006,20200101,ACT10020,0,2005,220,12,0.0,0,20230701,A,1800.0,90000,100000,0,0,0,0,0,0.0,,,
10020,1002007,20200101,ACT10020,0,2005,220,12,0.0,0,20230601,A,1800.0,90000,100000,0,0,0,0,0,0.0,,,
10020,1002008,20200101,ACT10020,0,2005,220,12,0.0,0,20230501,A,1800.0,90000,100000,0,0,0,0,0,0.0,,,
10020,1002009,20200101,ACT10020,0,2005,220,12,0.0,0,20230401,A,1800.0,90000,100000,0,0,0,0,0,0.0,,,
10020,1002010,20200101,ACT10020,0,2005,220,12,0.0,0,20230301,A,1800.0,90000,100000,0,0,0,0,0,0.0,,,
10020,1002011,20200101,ACT10020,0,2005,220,12,0.0,0,20230201,A,1800.0,90000,100000,0,0,0,0,0,0.0,,,
10020,1002012,20200101,ACT10020,0,2005,220,12,0.0,0,20230101,A,1800.0,90000,100000,0,0,0,0,0,0.0,,,
10020,1002013,20200101,ACT10020,0,2005,220,12,0.0,0,20221201,A,1800.0,90000,100000,0,0,0,0,0,0.0,,,
10020,1002014,20200101,ACT10020,0,2005,220,12,0.0,0,20221101,A,1800.0,90000,100000,0,0,0,0,0,0.0,,,
10020,1002015,20200101,ACT10020,0,2005,220,12,0.0,0,20221001,A,1800.0,90000,100000,0,0,0,0,0,0.0,,,
10020,1002016,20200101,ACT10020,0,2005,220,12,0.0,0,20220901,A,1800.0,90000,100000,0,0,0,0,0,0.0,,,
10020,1002017,20200101,ACT10020,0,2005,220,12,0.0,0,20220801,A,1800.0,90000,100000,0,0,0,0,0,0.0,,,
10020,1002018,20200101,ACT10020,0,2005,220,12,0.0,0,20220701,A,1800.0,90000,100000,0,0,0,0,0,0.0,,,
10020,1002019,20200101,ACT10020,0,2005,220,12,0.0,0,20220601,A,1800.0,90000,100000,0,0,0,0,0,0.0,,,
10020,1002020,20200101,ACT10020,0,2005,220,12,0.0,0,20220501,A,1800.0,90000,100000,0,0,0,0,0,0.0,,,
10020,1002021,20200101,ACT10020,0,2005,220,12,0.0,0,20220401,A,1800.0,90000,100000,0,0,0,0,0,0.0,,,
10020,1002022,20200101,ACT10020,0,2005,220,12,0.0,0,20220301,A,1800.0,90000,100000,0,0,0,0,0,0.0,,,
10020,1002023,20200101,ACT10020,0,2005,220,12,0.0,0,20220201,A,1800.0,90000,100000,0,0,0,0,0,0.0,,,
10020,1002024,20200101,ACT10020,0,2005,220,12,0.0,0,20220101,A,1800.0,90000,100000,0,90000,3,35,0,0.0,,,
10020,1002025,20200101,ACT10020,0,2005,220,12,0.0,0,20211201,A,1800.0,90000,100000,0,90000,3,35,0,0.0,,,
10020,1002026,20200101,ACT10020,0,2005,220,12,0.0,0,20211101,A,1800.0,90000,100000,0,90000,3,35,0,0.0,,,
10020,1002027,20200101,ACT10020,0,2005,220,12,0.0,0,20211001,A,1800.0,90000,100000,0,90000,3,35,0,0.0,,,
10020,1002028,20200101,ACT10020,0,2005,220,12,0.0,0,20210901,A,1800.0,90000,100000,0,90000,3,35,0,0.0,,,
10020,1002029,20200101,ACT10020,0,2005,220,12,0.0,0,20210801,A,1800.0,90000,100000,0,90000,3,35,0,0.0,,,
10021,1002100,20200101,ACT10021,0,2005,123,12,0.0,0,20240101,A,3000.0,150000,100000,200000,0,0,45,0,0.0,,,
10021,1002101,20200101,ACT10021,0,2005,123,12,0.0,0,20231201,A,3000.0,150000,100000,200000,0,0,0,0,0.0,,,
10021,1002102,20200101,ACT10021,0,2005,123,12,0.0,0,20231101,A,3000.0,150000,100000,200000,0,0,0,0,0.0,,,
10021,1002103,20200101,ACT10021,0,2005,123,12,0.0,0,20231001,A,3000.0,150000,100000,200000,0,0,0,0,0.0,,,
10021,1002104,20200101,ACT10021,0,2005,123,12,0.0,0,20230901,A,3000.0,150000,100000,200000,0,0,0,0,0.0,,,
10021,1002105,20200101,ACT10021,0,2005,123,12,0.0,0,20230801,A,3000.0,150000,100000,200000,0,0,0,0,0.0,,,
10021,1002106,20200101,ACT10021,0,2005,123,12,0.0,0,20230701,A,3000.0,150000,100000,200000,0,0,0,0,0.0,,,
10021,1002107,20200101,ACT10021,0,2005,123,12,0.0,0,20230601,A,3000.0,150000,100000,200000,0,0,0,0,0.0,,,
10021,1002108,20200101,ACT10021,0,2005,123,12,0.0,0,20230501,A,3000.0,150000,100000,200000,0,0,0,0,0.0,,,
10021,1002109,20200101,ACT10021,0,2005,123,12,0.0,0,20230401,A,3000.0,150000,100000,200000,0,0,0,0,0.0,,,
10021,1002110,20200101,ACT10021,0,2005,123,12,0.0,0,20230301,A,3000.0,150000,100000,200000,0,0,0,0,0.0,,,
10021,1002111,20200101,ACT10021,0,2005,123,12,0.0,0,20230201,A,3000.0,150000,100000,200000,0,0,0,0,0.0,,,
10021,1002112,20200101,ACT10021,0,2005,123,12,0.0,0,20230101,A,3000.0,150000,100000,200000,0,0,0,0,0.0,,,
10021,1002113,20200101,ACT10021,0,2005,123,12,0.0,0,20221201,A,3000.0,150000,100000,200000,0,0,0,0,0.0,,,
10021,1002114,20200101,ACT10021,0,2005,123,12,0.0,0,20221101,A,3000.0,150000,100000,200000,0,0,0,0,0.0,,,
10021,1002115,20200101,ACT10021,0,2005,123,12,0.0,0,20221001,A,3000.0,150000,100000,200000,0,0,0,0,0.0,,,
10021,1002116,20200101,ACT10021,0,2005,123,12,0.0,0,20220901,A,3000.0,150000,100000,200000,0,0,0,0,0.0,,,
10021,1002117,20200101,ACT10021,0,2005,123,12,0.0,0,20220801,A,3000.0,150000,100000,200000,0,0,0,0,0.0,,,
10021,1002118,20200101,ACT10021,0,2005,123,12,0.0,0,20220701,A,3000.0,150000,100000,200000,0,0,0,0,0.0,,,
10021,1002119,20200101,ACT10021,0,2005,123,12,0.0,0,20220601,A,3000.0,150000,100000,200000,0,0,0,0,0.0,,,
10021,1002120,20200101,ACT10021,0,2005,123,12,0.0,0,20220501,A,3000.0,150000,100000,200000,0,0,0,0,0.0,,,
10021,1002121,20200101,ACT10021,0,2005,123,12,0.0,0,20220401,A,3000.0,150000,100000,200000,0,0,0,0,0.0,,,
10021,1002122,20200101,ACT10021,0,2005,123,12,0.0,0,20220301,A,3000.0,150000,100000,200000,0,0,0,0,0.0,,,
10021,1002123,20200101,ACT10021,0,2005,123,12,0.0,0,20220201,A,3000.0,150000,100000,200000,0,0,0,0,0.0,,,
10021,1002124,20200101,ACT10021,0,2005,123,12,0.0,0,20220101,A,3000.0,150000,100000,200000,0,0,0,0,0.0,,,
10021,1002125,20200101,ACT10021,0,2005,123,12,0.0,0,20211201,A,3000.0,150000,100000,200000,0,0,0,0,0.0,,,
10021,1002126,20200101,ACT10021,0,2005,123,12,0.0,0,20211101,A,3000.0,150000,100000,200000,0,0,0,0,0.0,,,
10021,1002127,20200101,ACT10021,0,2005,123,12,0.0,0,20211001,A,3000.0,150000,100000,200000,0,0,0,0,0.0,,,
10021,1002128,20200101,ACT10021,0,2005,123,12,0.0,0,20210901,A,3000.0,150000,100000,200000,0,0,0,0,0.0,,,
10021,1002129,20200101,ACT10021,0,2005,123,12,0.0,0,20210801,A,3000.0,150000,100000,200000,0,0,0,0,0.0,,,
10022,1002200,20200101,ACT10022,0,1008,177,12,0.0,0,20240101,A,2000.0,100000,100000,150000,0,0,0,0,0.0,,,
10022,1002201,20200101,ACT10022,0,1008,177,12,0.0,0,20231201,A,2000.0,100000,100000,150000,0,0,0,0,0.0,,,
10022,1002202,20200101,ACT10022,0,1008,177,12,0.0,0,20231101,A,2000.0,100000,100000,150000,0,0,0,0,0.0,,,
10022,1002203,20200101,ACT10022,0,1008,177,12,0.0,0,20231001,A,2000.0,100000,100000,150000,0,0,0,0,0.0,,,
10022,1002204,20200101,ACT10022,0,1008,177,12,0.0,0,20230901,A,2000.0,100000,100000,150000,0,0,0,0,0.0,,,
10022,1002205,20200101,ACT10022,0,1008,177,12,0.0,0,20230801,A,2000.0,100000,100000,150000,0,0,0,0,0.0,,,
10022,1002206,20200101,ACT10022,0,1008,177,12,0.0,0,20230701,A,2000.0,100000,100000,150000,0,0,0,0,0.0,,,
10022,1002207,20200101,ACT10022,0,1008,177,12,0.0,0,20230601,A,2000.0,100000,100000,150000,0,0,0,0,0.0,,,
10022,1002208,20200101,ACT10022,0,1008,177,12,0.0,0,20230501,A,2000.0,100000,100000,150000,0,0,0,0,0.0,,,
10022,1002209,20200101,ACT10022,0,1008,177,12,0.0,0,20230401,A,2000.0,100000,100000,150000,0,0,0,0,0.0,,,
10022,1002210,20200101,ACT10022,0,1008,177,12,0.0,0,20230301,A,2000.0,100000,100000,150000,0,0,0,0,0.0,,,
10022,1002211,20200101,ACT10022,0,1008,177,12,0.0,0,20230201,A,2000.0,100000,100000,150000,0,0,0,0,0.0,,,
10022,1002212,20200101,ACT10022,0,1008,177,12,0.0,0,20230101,A,2000.0,100000,100000,150000,0,0,0,0,0.0,,,
10022,1002213,20200101,ACT10022,0,1008,177,12,0.0,0,20221201,A,2000.0,100000,100000,150000,0,0,0,0,0.0,,,
10022,1002214,20200101,ACT10022,0,1008,177,12,0.0,0,20221101,A,2000.0,100000,100000,150000,0,0,0,0,0.0,,,
10022,1002215,20200101,ACT10022,0,1008,177,12,0.0,0,20221001,A,2000.0,100000,100000,150000,0,0,0,0,0.0,,,
10022,1002216,20200101,ACT10022,0,1008,177,12,0.0,0,20220901,A,2000.0,100000,100000,150000,0,0,0,0,0.0,,,
10022,1002217,20200101,ACT10022,0,1008,177,12,0.0,0,20220801,A,2000.0,100000,100000,150000,0,0,0,0,0.0,,,
10022,1002218,20200101,ACT10022,0,1008,177,12,0.0,0,20220701,A,2000.0,100000,100000,150000,0,0,0,0,0.0,,,
10022,1002219,20200101,ACT10022,0,1008,177,12,0.0,0,20220601,A,2000.0,100000,100000,150000,0,0,0,0,0.0,,,
10022,1002220,20200101,ACT10022,0,1008,177,12,0.0,0,20220501,A,2000.0,100000,100000,150000,0,0,0,0,0.0,,,
10022,1002221,20200101,ACT10022,0,1008,177,12,0.0,0,20220401,A,2000.0,100000,100000,150000,0,0,0,0,0.0,,,
10022,1002222,20200101,ACT10022,0,1008,177,12,0.0,0,20220301,A,2000.0,100000,100000,150000,0,0,0,0,0.0,,,
10022,1002223,20200101,ACT10022,0,1008,177,12,0.0,0,20220201,A,2000.0,100000,100000,150000,0,0,0,0,0.0,,,
10023,1002300,20200101,ACT10023,0,1008,175,12,0.0,0,20240101,A,10000.0,500000,100000,600000,0,0,0,0,0.0,,,
10023,1002301,20200101,ACT10023,0,1008,175,12,0.0,0,20231201,A,10000.0,500000,100000,600000,0,0,0,0,0.0,,,
10023,1002302,20200101,ACT10023,0,1008,175,12,0.0,0,20231101,A,10000.0,500000,100000,600000,0,0,0,0,0.0,,,
10023,1002303,20200101,ACT10023,0,1008,175,12,0.0,0,20231001,A,10000.0,500000,100000,600000,0,0,0,0,0.0,,,
10023,1002304,20200101,ACT10023,0,1008,175,12,0.0,0,20230901,A,10000.0,500000,100000,600000,0,0,0,0,0.0,,,
10023,1002305,20200101,ACT10023,0,1008,175,12,0.0,0,20230801,A,10000.0,500000,100000,600000,0,0,0,0,0.0,,,
10023,1002306,20200101,ACT10023,0,1008,175,12,0.0,0,20230701,A,10000.0,500000,100000,600000,0,0,0,0,0.0,,,
10023,1002307,20200101,ACT10023,0,1008,175,12,0.0,0,20230601,A,10000.0,500000,100000,600000,0,0,0,0,0.0,,,
10023,1002308,20200101,ACT10023,0,1008,175,12,0.0,0,20230501,A,10000.0,500000,100000,600000,0,0,0,0,0.0,,,
10023,1002309,20200101,ACT10023,0,1008,175,12,0.0,0,20230401,A,10000.0,500000,100000,600000,0,0,0,0,0.0,,,
10023,1002310,20200101,ACT10023,0,1008,175,12,0.0,0,20230301,A,10000.0,500000,100000,600000,0,0,0,0,0.0,,,
10023,1002311,20200101,ACT10023,0,1008,175,12,0.0,0,20230201,A,10000.0,500000,100000,600000,0,0,0,0,0.0,,,
10023,1002312,20200101,ACT10023,0,1008,175,12,0.0,0,20230101,A,10000.0,500000,100000,600000,0,0,0,0,0.0,,,
10023,1002313,20200101,ACT10023,0,1008,175,12,0.0,0,20221201,A,10000.0,500000,100000,600000,0,0,0,0,0.0,,,
10023,1002314,20200101,ACT10023,0,1008,175,12,0.0,0,20221101,A,10000.0,500000,100000,600000,0,0,0,0,0.0,,,
10023,1002315,20200101,ACT10023,0,1008,175,12,0.0,0,20221001,A,10000.0,500000,100000,600000,0,0,0,0,0.0,,,
10023,1002316,20200101,ACT10023,0,1008,175,12,0.0,0,20220901,A,10000.0,500000,100000,600000,0,0,0,0,0.0,,,
10023,1002317,20200101,ACT10023,0,1008,175,12,0.0,0,20220801,A,10000.0,500000,100000,600000,0,0,0,0,0.0,,,
10023,1002318,20200101,ACT10023,0,1008,175,12,0.0,0,20220701,A,10000.0,500000,100000,600000,0,0,0,0,0.0,,,
10023,1002319,20200101,ACT10023,0,1008,175,12,0.0,0,20220601,A,10000.0,500000,100000,600000,0,0,0,0,0.0,,,
10023,1002320,20200101,ACT10023,0,1008,175,12,0.0,0,20220501,A,10000.0,500000,100000,600000,0,0,0,0,0.0,,,
10023,1002321,20200101,ACT10023,0,1008,175,12,0.0,0,20220401,A,10000.0,500000,100000,600000,0,0,0,0,0.0,,,
10023,1002322,20200101,ACT10023,0,1008,175,12,0.0,0,20220301,A,10000.0,500000,100000,600000,0,0,0,0,0.0,,,
10023,1002323,20200101,ACT10023,0,1008,175,12,0.0,0,20220201,A,10000.0,500000,100000,600000,0,0,0,0,0.0,,,
10024,1002400,20200101,ACT10024,0,2006,123,12,0.0,0,20240101,A,1600.0,80000,100000,150000,0,0,0,0,0.0,,,
10024,1002401,20200101,ACT10024,0,2006,123,12,0.0,0,20231201,A,1600.0,80000,100000,150000,0,0,0,0,0.0,,,
10024,1002402,20200101,ACT10024,0,2006,123,12,0.0,0,20231101,A,1600.0,80000,100000,150000,0,0,0,0,0.0,,,
10024,1002403,20200101,ACT10024,0,2006,123,12,0.0,0,20231001,A,1600.0,80000,100000,150000,0,0,0,0,0.0,,,
10024,1002404,20200101,ACT10024,0,2006,123,12,0.0,0,20230901,A,1600.0,80000,100000,150000,0,0,0,0,0.0,,,
10024,1002405,20200101,ACT10024,0,2006,123,12,0.0,0,20230801,A,1600.0,80000,100000,150000,0,0,0,0,0.0,,,
10024,1002406,20200101,ACT10024,0,2006,123,12,0.0,0,20230701,A,1600.0,80000,100000,150000,0,0,0,0,0.0,,,
10024,1002407,20200101,ACT10024,0,2006,123,12,0.0,0,20230601,A,1600.0,80000,100000,150000,0,0,0,0,0.0,,,
10024,1002408,20200101,ACT10024,0,2006,123,12,0.0,0,20230501,A,1600.0,80000,100000,150000,0,0,0,0,0.0,,,
10024,1002409,20200101,ACT10024,0,2006,123,12,0.0,0,20230401,A,1600.0,80000,100000,150000,0,0,0,0,0.0,,,
10024,1002410,20200101,ACT10024,0,2006,123,12,0.0,0,20230301,A,1600.0,80000,100000,150000,0,0,0,0,0.0,,,
10024,1002411,20200101,ACT10024,0,2006,123,12,0.0,0,20230201,A,1600.0,80000,100000,150000,0,0,0,0,0.0,,,
10024,1002412,20200101,ACT10024,0,2006,123,12,0.0,0,20230101,A,1600.0,80000,100000,150000,0,0,0,0,0.0,,,
10024,1002413,20200101,ACT10024,0,2006,123,12,0.0,0,20221201,A,1600.0,80000,100000,150000,0,0,0,0,0.0,,,
10024,1002414,20200101,ACT10024,0,2006,123,12,0.0,0,20221101,A,1600.0,80000,100000,150000,0,0,0,0,0.0,,,
10024,1002415,20200101,ACT10024,0,2006,123,12,0.0,0,20221001,A,1600.0,80000,100000,150000,0,0,0,0,0.0,,,
10024,1002416,20200101,ACT10024,0,2006,123,12,0.0,0,20220901,A,1600.0,80000,100000,150000,0,0,0,0,0.0,,,
10024,1002417,20200101,ACT10024,0,2006,123,12,0.0,0,20220801,A,1600.0,80000,100000,150000,0,0,0,0,0.0,,,
10024,1002418,20200101,ACT10024,0,2006,123,12,0.0,0,20220701,A,1600.0,80000,100000,150000,0,0,0,0,0.0,,,
10024,1002419,20200101,ACT10024,0,2006,123,12,0.0,0,20220601,A,1600.0,80000,100000,150000,0,0,0,0,0.0,,,
10024,1002420,20200101,ACT10024,0,2006,123,12,0.0,0,20220501,A,1600.0,80000,100000,150000,0,0,0,0,0.0,,,
10024,1002421,20200101,ACT10024,0,2006,123,12,0.0,0,20220401,A,1600.0,80000,100000,150000,0,0,0,0,0.0,,,
10024,1002422,20200101,ACT10024,0,2006,123,12,0.0,0,20220301,A,1600.0,80000,100000,150000,0,0,0,0,0.0,,,
10024,1002423,20200101,ACT10024,0,2006,123,12,0.0,0,20220201,A,1600.0,80000,100000,150000,0,0,0,0,0.0,,,
10025,1002500,20200101,ACT10025,0,3001,123,12,0.0,0,20240101,A,2000.0,100000,100000,200000,0,0,0,0,0.0,,,6.0
10025,1002501,20200101,ACT10025,0,3001,123,12,0.0,0,20231201,A,2000.0,100000,100000,200000,0,0,0,0,0.0,,,
10025,1002502,20200101,ACT10025,0,3001,123,12,0.0,0,20231101,A,2000.0,100000,100000,200000,0,0,0,0,0.0,,,
10025,1002503,20200101,ACT10025,0,3001,123,12,0.0,0,20231001,A,2000.0,100000,100000,200000,0,0,0,0,0.0,,,
10025,1002504,20200101,ACT10025,0,3001,123,12,0.0,0,20230901,A,2000.0,100000,100000,200000,0,0,0,0,0.0,,,
10025,1002505,20200101,ACT10025,0,3001,123,12,0.0,0,20230801,A,2000.0,100000,100000,200000,0,0,0,0,0.0,,,
10025,1002506,20200101,ACT10025,0,3001,123,12,0.0,0,20230701,A,2000.0,100000,100000,200000,0,0,0,0,0.0,,,
10025,1002507,20200101,ACT10025,0,3001,123,12,0.0,0,20230601,A,2000.0,100000,100000,200000,0,0,0,0,0.0,,,
10025,1002508,20200101,ACT10025,0,3001,123,12,0.0,0,20230501,A,2000.0,100000,100000,200000,0,0,0,0,0.0,,,
10025,1002509,20200101,ACT10025,0,3001,123,12,0.0,0,20230401,A,2000.0,100000,100000,200000,0,0,0,0,0.0,,,
10025,1002510,20200101,ACT10025,0,3001,123,12,0.0,0,20230301,A,2000.0,100000,100000,200000,0,0,0,0,0.0,,,
10025,1002511,20200101,ACT10025,0,3001,123,12,0.0,0,20230201,A,2000.0,100000,100000,200000,0,0,0,0,0.0,,,
10025,1002512,20200101,ACT10025,0,3001,123,12,0.0,0,20230101,A,2000.0,100000,100000,200000,100000,7,200,100000,0.0,,,6.0
10025,1002513,20200101,ACT10025,0,3001,123,12,0.0,0,20221201,A,2000.0,100000,100000,200000,100000,7,200,100000,0.0,,,6.0
10025,1002514,20200101,ACT10025,0,3001,123,12,0.0,0,20221101,A,2000.0,100000,100000,200000,100000,7,200,100000,0.0,,,6.0
10025,1002515,20200101,ACT10025,0,3001,123,12,0.0,0,20221001,A,2000.0,100000,100000,200000,100000,7,200,100000,0.0,,,6.0
10025,1002516,20200101,ACT10025,0,3001,123,12,0.0,0,20220901,A,2000.0,100000,100000,200000,100000,7,200,100000,0.0,,,6.0
10025,1002517,20200101,ACT10025,0,3001,123,12,0.0,0,20220801,A,2000.0,100000,100000,200000,100000,7,200,100000,0.0,,,6.0
10025,1002518,20200101,ACT10025,0,3001,123,12,0.0,0,20220701,A,2000.0,100000,100000,200000,100000,7,200,100000,0.0,,,6.0
10025,1002519,20200101,ACT10025,0,3001,123,12,0.0,0,20220601,A,2000.0,100000,100000,200000,100000,7,200,100000,0.0,,,6.0
10025,1002520,20200101,ACT10025,0,3001,123,12,0.0,0,20220501,A,2000.0,100000,100000,200000,100000,7,200,100000,0.0,,,6.0
10025,1002521,20200101,ACT10025,0,3001,123,12,0.0,0,20220401,A,2000.0,100000,100000,200000,100000,7,200,100000,0.0,,,6.0
10025,1002522,20200101,ACT10025,0,3001,123,12,0.0,0,20220301,A,2000.0,100000,100000,200000,100000,7,200,100000,0.0,,,6.0
10025,1002523,20200101,ACT10025,0,3001,123,12,0.0,0,20220201,A,2000.0,100000,100000,200000,100000,7,200,100000,0.0,,,6.0
10026,1002600,20200101,ACT10026,0,3001,123,12,0.0,0,20240101,A,2000.0,100000,100000,200000,0,0,0,0,0.0,,,6.0
10026,1002601,20200101,ACT10026,0,3001,123,12,0.0,0,20231201,A,2000.0,100000,100000,200000,0,0,0,0,0.0,,,
10026,1002602,20200101,ACT10026,0,3001,123,12,0.0,0,20231101,A,2000.0,100000,100000,200000,0,0,0,0,0.0,,,
10026,1002603,20200101,ACT10026,0,3001,123,12,0.0,0,20231001,A,2000.0,100000,100000,200000,0,0,0,0,0.0,,,
10026,1002604,20200101,ACT10026,0,3001,123,12,0.0,0,20230901,A,2000.0,100000,100000,200000,0,0,0,0,0.0,,,
10026,1002605,20200101,ACT10026,0,3001,123,12,0.0,0,20230801,A,2000.0,100000,100000,200000,0,0,0,0,0.0,,,
10026,1002606,20200101,ACT10026,0,3001,123,12,0.0,0,20230701,A,2000.0,100000,100000,200000,0,0,0,0,0.0,,,
10026,1002607,20200101,ACT10026,0,3001,123,12,0.0,0,20230601,A,2000.0,100000,100000,200000,0,0,0,0,0.0,,,
10026,1002608,20200101,ACT10026,0,3001,123,12,0.0,0,20230501,A,2000.0,100000,100000,200000,0,0,0,0,0.0,,,
10026,1002609,20200101,ACT10026,0,3001,123,12,0.0,0,20230401,A,2000.0,100000,100000,200000,0,0,0,0,0.0,,,
10026,1002610,20200101,ACT10026,0,3001,123,12,0.0,0,20230301,A,2000.0,100000,100000,200000,0,0,0,0,0.0,,,
10026,1002611,20200101,ACT10026,0,3001,123,12,0.0,0,20230201,A,2000.0,100000,100000,200000,0,0,0,0,0.0,,,
10026,1002612,20200101,ACT10026,0,3001,123,12,0.0,0,20230101,A,2000.0,100000,100000,200000,100000,7,200,100000,0.0,,,6.0
10026,1002613,20200101,ACT10026,0,3001,123,12,0.0,0,20221201,A,2000.0,100000,100000,200000,100000,7,200,100000,0.0,,,6.0
10026,1002614,20200101,ACT10026,0,3001,123,12,0.0,0,20221101,A,2000.0,100000,100000,200000,100000,7,200,100000,0.0,,,6.0
10026,1002615,20200101,ACT10026,0,3001,123,12,0.0,0,20221001,A,2000.0,100000,100000,200000,100000,7,200,100000,0.0,,,6.0
10026,1002616,20200101,ACT10026,0,3001,123,12,0.0,0,20220901,A,2000.0,100000,100000,200000,100000,7,200,100000,0.0,,,6.0
10026,1002617,20200101,ACT10026,0,3001,123,12,0.0,0,20220801,A,2000.0,100000,100000,200000,100000,7,200,100000,0.0,,,6.0
10026,1002618,20200101,ACT10026,0,3001,123,12,0.0,0,20220701,A,2000.0,100000,100000,200000,100000,7,200,100000,0.0,,,6.0
10026,1002619,20200101,ACT10026,0,3001,123,12,0.0,0,20220601,A,2000.0,100000,100000,200000,100000,7,200,100000,0.0,,,6.0
10026,1002620,20200101,ACT10026,0,3001,123,12,0.0,0,20220501,A,2000.0,100000,100000,200000,100000,7,200,100000,0.0,,,6.0
10026,1002621,20200101,ACT10026,0,3001,123,12,0.0,0,20220401,A,2000.0,100000,100000,200000,100000,7,200,100000,0.0,,,6.0
10026,1002622,20200101,ACT10026,0,3001,123,12,0.0,0,20220301,A,2000.0,100000,100000,200000,100000,7,200,100000,0.0,,,6.0
10026,1002623,20200101,ACT10026,0,3001,123,12,0.0,0,20220201,A,2000.0,100000,100000,200000,100000,7,200,100000,0.0,,,6.0
10027,1002700,20200101,ACT10027,0,3001,123,12,0.0,0,20240101,A,2000.0,100000,100000,200000,0,0,0,0,0.0,,,6.0
10027,1002701,20200101,ACT10027,0,3001,123,12,0.0,0,20231201,A,2000.0,100000,100000,200000,0,0,0,0,0.0,,,
10027,1002702,20200101,ACT10027,0,3001,123,12,0.0,0,20231101,A,2000.0,100000,100000,200000,0,0,0,0,0.0,,,
10027,1002703,20200101,ACT10027,0,3001,123,12,0.0,0,20231001,A,2000.0,100000,100000,200000,0,0,0,0,0.0,,,
10027,1002704,20200101,ACT10027,0,3001,123,12,0.0,0,20230901,A,2000.0,100000,100000,200000,0,0,0,0,0.0,,,
10027,1002705,20200101,ACT10027,0,3001,123,12,0.0,0,20230801,A,2000.0,100000,100000,200000,0,0,0,0,0.0,,,
10027,1002706,20200101,ACT10027,0,3001,123,12,0.0,0,20230701,A,2000.0,100000,100000,200000,0,0,0,0,0.0,,,
10027,1002707,20200101,ACT10027,0,3001,123,12,0.0,0,20230601,A,2000.0,100000,100000,200000,0,0,0,0,0.0,,,
10027,1002708,20200101,ACT10027,0,3001,123,12,0.0,0,20230501,A,2000.0,100000,100000,200000,0,0,0,0,0.0,,,
10027,1002709,20200101,ACT10027,0,3001,123,12,0.0,0,20230401,A,2000.0,100000,100000,200000,0,0,0,0,0.0,,,
10027,1002710,20200101,ACT10027,0,3001,123,12,0.0,0,20230301,A,2000.0,100000,100000,200000,0,0,0,0,0.0,,,
10027,1002711,20200101,ACT10027,0,3001,123,12,0.0,0,20230201,A,2000.0,100000,100000,200000,0,0,0,0,0.0,,,
10027,1002712,20200101,ACT10027,0,3001,123,12,0.0,0,20230101,A,2000.0,100000,100000,200000,100000,7,200,100000,0.0,,,6.0
10027,1002713,20200101,ACT10027,0,3001,123,12,0.0,0,20221201,A,2000.0,100000,100000,200000,100000,7,200,100000,0.0,,,6.0
10027,1002714,20200101,ACT10027,0,3001,123,12,0.0,0,20221101,A,2000.0,100000,100000,200000,100000,7,200,100000,0.0,,,6.0
10027,1002715,20200101,ACT10027,0,3001,123,12,0.0,0,20221001,A,2000.0,100000,100000,200000,100000,7,200,100000,0.0,,,6.0
10027,1002716,20200101,ACT10027,0,3001,123,12,0.0,0,20220901,A,2000.0,100000,100000,200000,100000,7,200,100000,0.0,,,6.0
10027,1002717,20200101,ACT10027,0,3001,123,12,0.0,0,20220801,A,2000.0,100000,100000,200000,100000,7,200,100000,0.0,,,6.0
10027,1002718,20200101,ACT10027,0,3001,123,12,0.0,0,20220701,A,2000.0,100000,100000,200000,100000,7,200,100000,0.0,,,6.0
10027,1002719,20200101,ACT10027,0,3001,123,12,0.0,0,20220601,A,2000.0,100000,100000,200000,100000,7,200,100000,0.0,,,6.0
10027,1002720,20200101,ACT10027,0,3001,123,12,0.0,0,20220501,A,2000.0,100000,100000,200000,100000,7,200,100000,0.0,,,6.0
10027,1002721,20200101,ACT10027,0,3001,123,12,0.0,0,20220401,A,2000.0,100000,100000,200000,100000,7,200,100000,0.0,,,6.0
10027,1002722,20200101,ACT10027,0,3001,123,12,0.0,0,20220301,A,2000.0,100000,100000,200000,100000,7,200,100000,0.0,,,6.0
10027,1002723,20200101,ACT10027,0,3001,123,12,0.0,0,20220201,A,2000.0,100000,100000,200000,100000,7,200,100000,0.0,,,6.0
10028,1002800,20200101,ACT10028,0,3002,123,12,0.0,0,20240101,A,2400.0,120000,100000,200000,0,0,0,0,0.0,,,
10028,1002801,20200101,ACT10028,0,3002,123,12,0.0,0,20231201,A,2400.0,120000,100000,200000,0,0,0,0,0.0,,,
10028,1002802,20200101,ACT10028,0,3002,123,12,0.0,0,20231101,A,2400.0,120000,100000,200000,0,0,0,0,0.0,,,
10028,1002803,20200101,ACT10028,0,3002,123,12,0.0,0,20231001,A,2400.0,120000,100000,200000,0,0,0,0,0.0,,,
10028,1002804,20200101,ACT10028,0,3002,123,12,0.0,0,20230901,A,2400.0,120000,100000,200000,0,0,0,0,0.0,,,
10028,1002805,20200101,ACT10028,0,3002,123,12,0.0,0,20230801,A,2400.0,120000,100000,200000,0,0,0,0,0.0,,,
10028,1002806,20200101,ACT10028,0,3002,123,12,0.0,0,20230701,A,2400.0,120000,100000,200000,0,0,0,0,0.0,,,
10028,1002807,20200101,ACT10028,0,3002,123,12,0.0,0,20230601,A,2400.0,120000,100000,200000,0,0,0,0,0.0,,,
10028,1002808,20200101,ACT10028,0,3002,123,12,0.0,0,20230501,A,2400.0,120000,100000,200000,0,0,0,0,0.0,,,
10028,1002809,20200101,ACT10028,0,3002,123,12,0.0,0,20230401,A,2400.0,120000,100000,200000,0,0,0,0,0.0,,,
10028,1002810,20200101,ACT10028,0,3002,123,12,0.0,0,20230301,A,2400.0,120000,100000,200000,0,0,0,0,0.0,,,
10028,1002811,20200101,ACT10028,0,3002,123,12,0.0,0,20230201,A,2400.0,120000,100000,200000,0,0,0,0,0.0,,,
10028,1002812,20200101,ACT10028,0,3002,123,12,0.0,0,20230101,A,2400.0,120000,100000,200000,0,0,0,0,0.0,,,
10028,1002813,20200101,ACT10028,0,3002,123,12,0.0,0,20221201,A,2400.0,120000,100000,200000,0,0,0,0,0.0,,,
10028,1002814,20200101,ACT10028,0,3002,123,12,0.0,0,20221101,A,2400.0,120000,100000,200000,0,0,0,0,0.0,,,
10028,1002815,20200101,ACT10028,0,3002,123,12,0.0,0,20221001,A,2400.0,120000,100000,200000,0,0,0,0,0.0,,,
10028,1002816,20200101,ACT10028,0,3002,123,12,0.0,0,20220901,A,2400.0,120000,100000,200000,0,0,0,0,0.0,,,
10028,1002817,20200101,ACT10028,0,3002,123,12,0.0,0,20220801,A,2400.0,120000,100000,200000,0,0,0,0,0.0,,,
10028,1002818,20200101,ACT10028,0,3002,123,12,0.0,0,20220701,A,2400.0,120000,100000,200000,0,0,0,0,0.0,,,
10028,1002819,20200101,ACT10028,0,3002,123,12,0.0,0,20220601,A,2400.0,120000,100000,200000,0,0,0,0,0.0,,,
10028,1002820,20200101,ACT10028,0,3002,123,12,0.0,0,20220501,A,2400.0,120000,100000,200000,0,0,0,0,0.0,,,
10028,1002821,20200101,ACT10028,0,3002,123,12,0.0,0,20220401,A,2400.0,120000,100000,200000,0,0,0,0,0.0,,,
10028,1002822,20200101,ACT10028,0,3002,123,12,0.0,0,20220301,A,2400.0,120000,100000,200000,0,0,0,0,0.0,,,
10028,1002823,20200101,ACT10028,0,3002,123,12,0.0,0,20220201,A,2400.0,120000,100000,200000,0,0,0,0,0.0,,,
10028,1002824,20200101,ACT10028,0,3002,123,12,0.0,0,20220101,A,2400.0,120000,100000,200000,0,0,0,0,0.0,,,
10028,1002825,20200101,ACT10028,0,3002,123,12,0.0,0,20211201,A,2400.0,120000,100000,200000,0,0,0,0,0.0,,,
10028,1002826,20200101,ACT10028,0,3002,123,12,0.0,0,20211101,A,2400.0,120000,100000,200000,0,0,0,0,0.0,,,
10028,1002827,20200101,ACT10028,0,3002,123,12,0.0,0,20211001,A,2400.0,120000,100000,200000,0,0,0,0,0.0,,,
10028,1002828,20200101,ACT10028,0,3002,123,12,0.0,0,20210901,A,2400.0,120000,100000,200000,0,0,0,0,0.0,,,
10028,1002829,20200101,ACT10028,0,3002,123,12,0.0,0,20210801,A,2400.0,120000,100000,200000,0,0,0,0,0.0,,,
10028,1002830,20200101,ACT10028,0,3002,123,12,0.0,0,20210701,A,2400.0,120000,100000,200000,0,0,0,0,0.0,,,
10028,1002831,20200101,ACT10028,0,3002,123,12,0.0,0,20210601,A,2400.0,120000,100000,200000,0,0,0,0,0.0,,,
10028,1002832,20200101,ACT10028,0,3002,123,12,0.0,0,20210501,A,2400.0,120000,100000,200000,0,0,0,0,0.0,,,
10028,1002833,20200101,ACT10028,0,3002,123,12,0.0,0,20210401,A,2400.0,120000,100000,200000,0,0,0,0,0.0,,,
10028,1002834,20200101,ACT10028,0,3002,123,12,0.0,0,20210301,A,2400.0,120000,100000,200000,0,0,0,0,0.0,,,
10028,1002835,20200101,ACT10028,0,3002,123,12,0.0,0,20210201,A,2400.0,120000,100000,200000,0,0,0,0,0.0,,,
10029,1002900,20200101,ACT10029,0,3002,220,12,0.0,0,20240101,A,600.0,30000,80000,0,0,0,0,0,0.0,,,
10029,1002901,20200101,ACT10029,0,3002,220,12,0.0,0,20231201,A,600.0,30000,80000,0,0,0,0,0,0.0,,,
10029,1002902,20200101,ACT10029,0,3002,220,12,0.0,0,20231101,A,600.0,30000,80000,0,0,0,0,0,0.0,,,
10029,1002903,20200101,ACT10029,0,3002,220,12,0.0,0,20231001,A,600.0,30000,80000,0,0,0,0,0,0.0,,,
10029,1002904,20200101,ACT10029,0,3002,220,12,0.0,0,20230901,A,600.0,30000,80000,0,0,0,0,0,0.0,,,
10029,1002905,20200101,ACT10029,0,3002,220,12,0.0,0,20230801,A,600.0,30000,80000,0,0,0,0,0,0.0,,,
10029,1002906,20200101,ACT10029,0,3002,220,12,0.0,0,20230701,A,600.0,30000,80000,0,0,0,0,0,0.0,,,
10029,1002907,20200101,ACT10029,0,3002,220,12,0.0,0,20230601,A,600.0,30000,80000,0,0,0,0,0,0.0,,,
10029,1002908,20200101,ACT10029,0,3002,220,12,0.0,0,20230501,A,600.0,30000,80000,0,0,0,0,0,0.0,,,
10029,1002909,20200101,ACT10029,0,3002,220,12,0.0,0,20230401,A,600.0,30000,80000,0,0,0,0,0,0.0,,,
10029,1002910,20200101,ACT10029,0,3002,220,12,0.0,0,20230301,A,600.0,30000,80000,0,0,0,0,0,0.0,,,
10029,1002911,20200101,ACT10029,0,3002,220,12,0.0,0,20230201,A,600.0,30000,80000,0,0,0,0,0,0.0,,,
10029,1002912,20200101,ACT10029,0,3002,220,12,0.0,0,20230101,A,600.0,30000,80000,0,0,0,0,0,0.0,,,
10029,1002913,20200101,ACT10029,0,3002,220,12,0.0,0,20221201,A,600.0,30000,80000,0,0,0,0,0,0.0,,,
10029,1002914,20200101,ACT10029,0,3002,220,12,0.0,0,20221101,A,600.0,30000,80000,0,0,0,0,0,0.0,,,
10029,1002915,20200101,ACT10029,0,3002,220,12,0.0,0,20221001,A,600.0,30000,80000,0,0,0,0,0,0.0,,,
10029,1002916,20200101,ACT10029,0,3002,220,12,0.0,0,20220901,A,600.0,30000,80000,0,0,0,0,0,0.0,,,
10029,1002917,20200101,ACT10029,0,3002,220,12,0.0,0,20220801,A,600.0,30000,80000,0,0,0,0,0,0.0,,,
10029,1002918,20200101,ACT10029,0,3002,220,12,0.0,0,20220701,A,600.0,30000,80000,0,0,0,0,0,0.0,,,
10029,1002919,20200101,ACT10029,0,3002,220,12,0.0,0,20220601,A,600.0,30000,80000,0,0,0,0,0,0.0,,,
10029,1002920,20200101,ACT10029,0,3002,220,12,0.0,0,20220501,A,600.0,30000,80000,0,0,0,0,0,0.0,,,
10029,1002921,20200101,ACT10029,0,3002,220,12,0.0,0,20220401,A,600.0,30000,80000,0,0,0,0,0,0.0,,,
10029,1002922,20200101,ACT10029,0,3002,220,12,0.0,0,20220301,A,600.0,30000,80000,0,0,0,0,0,0.0,,,
10029,1002923,20200101,ACT10029,0,3002,220,12,0.0,0,20220201,A,600.0,30000,80000,0,0,0,0,0,0.0,,,
10030,1003000,20200101,ACT10030,0,3002,191,12,0.0,0,20240101,A,1000.0,50000,100000,80000,0,0,0,0,0.0,,,
10030,1003001,20200101,ACT10030,0,3002,191,12,0.0,0,20231201,A,1000.0,50000,100000,80000,0,0,0,0,0.0,,,
10030,1003002,20200101,ACT10030,0,3002,191,12,0.0,0,20231101,A,1000.0,50000,100000,80000,0,0,0,0,0.0,,,
10030,1003003,20200101,ACT10030,0,3002,191,12,0.0,0,20231001,A,1000.0,50000,100000,80000,0,0,0,0,0.0,,,
10030,1003004,20200101,ACT10030,0,3002,191,12,0.0,0,20230901,A,1000.0,50000,100000,80000,0,0,0,0,0.0,,,
10030,1003005,20200101,ACT10030,0,3002,191,12,0.0,0,20230801,A,1000.0,50000,100000,80000,0,0,0,0,0.0,,,
10030,1003006,20200101,ACT10030,0,3002,191,12,0.0,0,20230701,A,1000.0,50000,100000,80000,0,0,0,0,0.0,,,
10030,1003007,20200101,ACT10030,0,3002,191,12,0.0,0,20230601,A,1000.0,50000,100000,80000,0,0,0,0,0.0,,,
10030,1003008,20200101,ACT10030,0,3002,191,12,0.0,0,20230501,A,1000.0,50000,100000,80000,0,0,0,0,0.0,,,
10030,1003009,20200101,ACT10030,0,3002,191,12,0.0,0,20230401,A,1000.0,50000,100000,80000,0,0,0,0,0.0,,,
10030,1003010,20200101,ACT10030,0,3002,191,12,0.0,0,20230301,A,1000.0,50000,100000,80000,0,0,0,0,0.0,,,
10030,1003011,20200101,ACT10030,0,3002,191,12,0.0,0,20230201,A,1000.0,50000,100000,80000,0,0,0,0,0.0,,,
10030,1003012,20200101,ACT10030,0,3002,191,12,0.0,0,20230101,A,1000.0,50000,100000,80000,0,0,0,0,0.0,,,
10030,1003013,20200101,ACT10030,0,3002,191,12,0.0,0,20221201,A,1000.0,50000,100000,80000,0,0,0,0,0.0,,,
10030,1003014,20200101,ACT10030,0,3002,191,12,0.0,0,20221101,A,1000.0,50000,100000,80000,0,0,0,0,0.0,,,
10030,1003015,20200101,ACT10030,0,3002,191,12,0.0,0,20221001,A,1000.0,50000,100000,80000,0,0,0,0,0.0,,,
10030,1003016,20200101,ACT10030,0,3002,191,12,0.0,0,20220901,A,1000.0,50000,100000,80000,0,0,0,0,0.0,,,
10030,1003017,20200101,ACT10030,0,3002,191,12,0.0,0,20220801,A,1000.0,50000,100000,80000,0,0,0,0,0.0,,,