cust_id,accno,bureau_mbr_id,account_type_cd,open_dt,closed_dt,score_dt,balance_dt,month_diff,balance_amt,credit_lim_amt,original_loan_amt,past_due_amt,dayspastdue,pay_rating_cd,account_status_cd,actual_pymnt_amt,SUITFILED_WILFULDEFAULT,WRITTEN_OFF_AND_SETTLED,Sec_Uns,Reg_Com,Sec_Mov,Pdt_Cls,Category,relFinCd
2001,201001,1001,047,20210901,99991231,20240301,20240301,0,500000,-1.0,720000.0,0.0,0,S,O,20000.0,,,Sec,Regular,SecMov,RegSec,PSB,1
2001,201001,1001,047,20210901,99991231,20240301,20240201,1,492000,-1.0,720000.0,0.0,0,S,O,19680.0,,,Sec,Regular,SecMov,RegSec,PSB,1
2001,201001,1001,047,20210901,99991231,20240301,20240101,2,484000,-1.0,720000.0,0.0,0,S,O,19360.0,,,Sec,Regular,SecMov,RegSec,PSB,1
2001,201001,1001,047,20210901,99991231,20240301,20231201,3,476000,-1.0,720000.0,0.0,0,S,O,19040.0,,,Sec,Regular,SecMov,RegSec,PSB,1
2001,201001,1001,047,20210901,99991231,20240301,20231101,4,468000,-1.0,720000.0,0.0,0,S,O,18720.0,,,Sec,Regular,SecMov,RegSec,PSB,1
2001,201001,1001,047,20210901,99991231,20240301,20231001,5,460000,-1.0,720000.0,0.0,0,S,O,18400.0,,,Sec,Regular,SecMov,RegSec,PSB,1
2001,201001,1001,047,20210901,99991231,20240301,20230901,6,452000,-1.0,720000.0,0.0,0,S,O,18080.0,,,Sec,Regular,SecMov,RegSec,PSB,1
2001,201001,1001,047,20210901,99991231,20240301,20230801,7,444000,-1.0,720000.0,0.0,0,S,O,17760.0,,,Sec,Regular,SecMov,RegSec,PSB,1
2001,201001,1001,047,20210901,99991231,20240301,20230701,8,436000,-1.0,720000.0,0.0,0,S,O,17440.0,,,Sec,Regular,SecMov,RegSec,PSB,1
2001,201001,1001,047,20210901,99991231,20240301,20230601,9,428000,-1.0,720000.0,0.0,0,S,O,17120.0,,,Sec,Regular,SecMov,RegSec,PSB,1
2001,201001,1001,047,20210901,99991231,20240301,20230501,10,420000,-1.0,720000.0,0.0,0,S,O,16800.0,,,Sec,Regular,SecMov,RegSec,PSB,1
2001,201001,1001,047,20210901,99991231,20240301,20230401,11,412000,-1.0,720000.0,0.0,0,S,O,16480.0,,,Sec,Regular,SecMov,RegSec,PSB,1
2001,201001,1001,047,20210901,99991231,20240301,20230301,12,404000,-1.0,720000.0,0.0,0,S,O,16160.0,,,Sec,Regular,SecMov,RegSec,PSB,1
2001,201001,1001,047,20210901,99991231,20240301,20230201,13,396000,-1.0,720000.0,0.0,0,S,O,15840.0,,,Sec,Regular,SecMov,RegSec,PSB,1
2001,201001,1001,047,20210901,99991231,20240301,20230101,14,388000,-1.0,720000.0,0.0,0,S,O,15520.0,,,Sec,Regular,SecMov,RegSec,PSB,1
2001,201001,1001,047,20210901,99991231,20240301,20221201,15,380000,-1.0,720000.0,0.0,0,S,O,15200.0,,,Sec,Regular,SecMov,RegSec,PSB,1
2001,201001,1001,047,20210901,99991231,20240301,20221101,16,372000,-1.0,720000.0,0.0,0,S,O,14880.0,,,Sec,Regular,SecMov,RegSec,PSB,1
2001,201001,1001,047,20210901,99991231,20240301,20221001,17,364000,-1.0,720000.0,0.0,0,S,O,14560.0,,,Sec,Regular,SecMov,RegSec,PSB,1
2001,201001,1001,047,20210901,99991231,20240301,20220901,18,356000,-1.0,720000.0,0.0,0,S,O,14240.0,,,Sec,Regular,SecMov,RegSec,PSB,1
2001,201001,1001,047,20210901,99991231,20240301,20220801,19,348000,-1.0,720000.0,0.0,0,S,O,13920.0,,,Sec,Regular,SecMov,RegSec,PSB,1
2001,201001,1001,047,20210901,99991231,20240301,20220701,20,340000,-1.0,720000.0,0.0,0,S,O,13600.0,,,Sec,Regular,SecMov,RegSec,PSB,1
2001,201001,1001,047,20210901,99991231,20240301,20220601,21,332000,-1.0,720000.0,0.0,0,S,O,13280.0,,,Sec,Regular,SecMov,RegSec,PSB,1
2001,201001,1001,047,20210901,99991231,20240301,20220501,22,324000,-1.0,720000.0,0.0,0,S,O,12960.0,,,Sec,Regular,SecMov,RegSec,PSB,1
2001,201001,1001,047,20210901,99991231,20240301,20220401,23,316000,-1.0,720000.0,0.0,0,S,O,12640.0,,,Sec,Regular,SecMov,RegSec,PSB,1
2001,201001,1001,047,20210901,99991231,20240301,20220301,24,308000,-1.0,720000.0,0.0,0,S,O,12320.0,,,Sec,Regular,SecMov,RegSec,PSB,1
2001,201001,1001,047,20210901,99991231,20240301,20220201,25,300000,-1.0,720000.0,0.0,0,S,O,12000.0,,,Sec,Regular,SecMov,RegSec,PSB,1
2001,201001,1001,047,20210901,99991231,20240301,20220101,26,292000,-1.0,720000.0,0.0,0,S,O,11680.0,,,Sec,Regular,SecMov,RegSec,PSB,1
2001,201001,1001,047,20210901,99991231,20240301,20211201,27,284000,-1.0,720000.0,0.0,0,S,O,11360.0,,,Sec,Regular,SecMov,RegSec,PSB,1
2001,201001,1001,047,20210901,99991231,20240301,20211101,28,276000,-1.0,720000.0,0.0,0,S,O,11040.0,,,Sec,Regular,SecMov,RegSec,PSB,1
2001,201001,1001,047,20210901,99991231,20240301,20211001,29,268000,-1.0,720000.0,0.0,0,S,O,10720.0,,,Sec,Regular,SecMov,RegSec,PSB,1
2001,201002,1001,058,20210901,99991231,20240301,20240301,0,2800000,-1.0,3000000.0,0.0,0,S,O,112000.0,,,Sec,Regular,SecMov,RegSec,PSB,1
2001,201002,1001,058,20210901,99991231,20240301,20240201,1,2760000,-1.0,3000000.0,0.0,0,S,O,110400.0,,,Sec,Regular,SecMov,RegSec,PSB,1
2001,201002,1001,058,20210901,99991231,20240301,20240101,2,2720000,-1.0,3000000.0,0.0,0,S,O,108800.0,,,Sec,Regular,SecMov,RegSec,PSB,1
2001,201002,1001,058,20210901,99991231,20240301,20231201,3,2680000,-1.0,3000000.0,0.0,0,S,O,107200.0,,,Sec,Regular,SecMov,RegSec,PSB,1
2001,201002,1001,058,20210901,99991231,20240301,20231101,4,2640000,-1.0,3000000.0,0.0,0,S,O,105600.0,,,Sec,Regular,SecMov,RegSec,PSB,1
2001,201002,1001,058,20210901,99991231,20240301,20231001,5,2600000,-1.0,3000000.0,0.0,0,S,O,104000.0,,,Sec,Regular,SecMov,RegSec,PSB,1
2001,201002,1001,058,20210901,99991231,20240301,20230901,6,2560000,-1.0,3000000.0,0.0,0,S,O,102400.0,,,Sec,Regular,SecMov,RegSec,PSB,1
2001,201002,1001,058,20210901,99991231,20240301,20230801,7,2520000,-1.0,3000000.0,0.0,0,S,O,100800.0,,,Sec,Regular,SecMov,RegSec,PSB,1
2001,201002,1001,058,20210901,99991231,20240301,20230701,8,2480000,-1.0,3000000.0,0.0,0,S,O,99200.0,,,Sec,Regular,SecMov,RegSec,PSB,1
2001,201002,1001,058,20210901,99991231,20240301,20230601,9,2440000,-1.0,3000000.0,0.0,0,S,O,97600.0,,,Sec,Regular,SecMov,RegSec,PSB,1
2001,201002,1001,058,20210901,99991231,20240301,20230501,10,2400000,-1.0,3000000.0,0.0,0,S,O,96000.0,,,Sec,Regular,SecMov,RegSec,PSB,1
2001,201002,1001,058,20210901,99991231,20240301,20230401,11,2360000,-1.0,3000000.0,0.0,0,S,O,94400.0,,,Sec,Regular,SecMov,RegSec,PSB,1
2001,201002,1001,058,20210901,99991231,20240301,20230301,12,2320000,-1.0,3000000.0,0.0,0,S,O,92800.0,,,Sec,Regular,SecMov,RegSec,PSB,1
2001,201002,1001,058,20210901,99991231,20240301,20230201,13,2280000,-1.0,3000000.0,0.0,0,S,O,91200.0,,,Sec,Regular,SecMov,RegSec,PSB,1
2001,201002,1001,058,20210901,99991231,20240301,20230101,14,2240000,-1.0,3000000.0,0.0,0,S,O,89600.0,,,Sec,Regular,SecMov,RegSec,PSB,1
2001,201002,1001,058,20210901,99991231,20240301,20221201,15,2200000,-1.0,3000000.0,0.0,0,S,O,88000.0,,,Sec,Regular,SecMov,RegSec,PSB,1
2001,201002,1001,058,20210901,99991231,20240301,20221101,16,2160000,-1.0,3000000.0,0.0,0,S,O,86400.0,,,Sec,Regular,SecMov,RegSec,PSB,1
2001,201002,1001,058,20210901,99991231,20240301,20221001,17,2120000,-1.0,3000000.0,0.0,0,S,O,84800.0,,,Sec,Regular,SecMov,RegSec,PSB,1
2001,201002,1001,058,20210901,99991231,20240301,20220901,18,2080000,-1.0,3000000.0,0.0,0,S,O,83200.0,,,Sec,Regular,SecMov,RegSec,PSB,1
2001,201002,1001,058,20210901,99991231,20240301,20220801,19,2040000,-1.0,3000000.0,0.0,0,S,O,81600.0,,,Sec,Regular,SecMov,RegSec,PSB,1
2001,201002,1001,058,20210901,99991231,20240301,20220701,20,2000000,-1.0,3000000.0,0.0,0,S,O,80000.0,,,Sec,Regular,SecMov,RegSec,PSB,1
2001,201002,1001,058,20210901,99991231,20240301,20220601,21,1960000,-1.0,3000000.0,0.0,0,S,O,78400.0,,,Sec,Regular,SecMov,RegSec,PSB,1
2001,201002,1001,058,20210901,99991231,20240301,20220501,22,1920000,-1.0,3000000.0,0.0,0,S,O,76800.0,,,Sec,Regular,SecMov,RegSec,PSB,1
2001,201002,1001,058,20210901,99991231,20240301,20220401,23,1880000,-1.0,3000000.0,0.0,0,S,O,75200.0,,,Sec,Regular,SecMov,RegSec,PSB,1
2001,201002,1001,058,20210901,99991231,20240301,20220301,24,1840000,-1.0,3000000.0,0.0,0,S,O,73600.0,,,Sec,Regular,SecMov,RegSec,PSB,1
2001,201002,1001,058,20210901,99991231,20240301,20220201,25,1800000,-1.0,3000000.0,0.0,0,S,O,72000.0,,,Sec,Regular,SecMov,RegSec,PSB,1
2001,201002,1001,058,20210901,99991231,20240301,20220101,26,1760000,-1.0,3000000.0,0.0,0,S,O,70400.0,,,Sec,Regular,SecMov,RegSec,PSB,1
2001,201002,1001,058,20210901,99991231,20240301,20211201,27,1720000,-1.0,3000000.0,0.0,0,S,O,68800.0,,,Sec,Regular,SecMov,RegSec,PSB,1
2001,201002,1001,058,20210901,99991231,20240301,20211101,28,1680000,-1.0,3000000.0,0.0,0,S,O,67200.0,,,Sec,Regular,SecMov,RegSec,PSB,1
2001,201002,1001,058,20210901,99991231,20240301,20211001,29,1640000,-1.0,3000000.0,0.0,0,S,O,65600.0,,,Sec,Regular,SecMov,RegSec,PSB,1
2002,202001,1001,047,20221001,99991231,20240301,20240301,0,420000,-1.0,620000.0,0.0,0,S,O,16800.0,,,Sec,Regular,SecMov,RegSec,PSB,1
2002,202001,1001,047,20221001,99991231,20240301,20240201,1,408000,-1.0,620000.0,0.0,0,S,O,16320.0,,,Sec,Regular,SecMov,RegSec,PSB,1
2002,202001,1001,047,20221001,99991231,20240301,20240101,2,396000,-1.0,620000.0,0.0,0,S,O,15840.0,,,Sec,Regular,SecMov,RegSec,PSB,1
2002,202001,1001,047,20221001,99991231,20240301,20231201,3,384000,-1.0,620000.0,0.0,0,S,O,15360.0,,,Sec,Regular,SecMov,RegSec,PSB,1
2002,202001,1001,047,20221001,99991231,20240301,20231101,4,372000,-1.0,620000.0,0.0,0,S,O,14880.0,,,Sec,Regular,SecMov,RegSec,PSB,1
2002,202001,1001,047,20221001,99991231,20240301,20231001,5,360000,-1.0,620000.0,0.0,0,S,O,14400.0,,,Sec,Regular,SecMov,RegSec,PSB,1
2002,202001,1001,047,20221001,99991231,20240301,20230901,6,348000,-1.0,620000.0,0.0,0,S,O,13920.0,,,Sec,Regular,SecMov,RegSec,PSB,1
2002,202001,1001,047,20221001,99991231,20240301,20230801,7,336000,-1.0,620000.0,0.0,0,S,O,13440.0,,,Sec,Regular,SecMov,RegSec,PSB,1
2002,202001,1001,047,20221001,99991231,20240301,20230701,8,324000,-1.0,620000.0,0.0,0,S,O,12960.0,,,Sec,Regular,SecMov,RegSec,PSB,1
2002,202001,1001,047,20221001,99991231,20240301,20230601,9,312000,-1.0,620000.0,0.0,0,S,O,12480.0,,,Sec,Regular,SecMov,RegSec,PSB,1
2002,202001,1001,047,20221001,99991231,20240301,20230501,10,300000,-1.0,620000.0,0.0,0,S,O,12000.0,,,Sec,Regular,SecMov,RegSec,PSB,1
2002,202001,1001,047,20221001,99991231,20240301,20230401,11,288000,-1.0,620000.0,0.0,0,S,O,11520.0,,,Sec,Regular,SecMov,RegSec,PSB,1
2002,202001,1001,047,20221001,99991231,20240301,20230301,12,276000,-1.0,620000.0,0.0,0,S,O,11040.0,,,Sec,Regular,SecMov,RegSec,PSB,1
2002,202001,1001,047,20221001,99991231,20240301,20230201,13,264000,-1.0,620000.0,0.0,0,S,O,10560.0,,,Sec,Regular,SecMov,RegSec,PSB,1
2002,202001,1001,047,20221001,99991231,20240301,20230101,14,252000,-1.0,620000.0,0.0,0,S,O,10080.0,,,Sec,Regular,SecMov,RegSec,PSB,1
2002,202001,1001,047,20221001,99991231,20240301,20221201,15,240000,-1.0,620000.0,0.0,0,S,O,9600.0,,,Sec,Regular,SecMov,RegSec,PSB,1
2002,202001,1001,047,20221001,99991231,20240301,20221101,16,228000,-1.0,620000.0,0.0,0,S,O,9120.0,,,Sec,Regular,SecMov,RegSec,PSB,1
2002,202001,1001,047,20221001,99991231,20240301,20221001,17,216000,-1.0,620000.0,0.0,0,S,O,8640.0,,,Sec,Regular,SecMov,RegSec,PSB,1
2002,202002,1001,058,20221001,99991231,20240301,20240301,0,1900000,-1.0,2100000.0,0.0,0,S,O,76000.0,,,Sec,Regular,SecMov,RegSec,PSB,1
2002,202002,1001,058,20221001,99991231,20240301,20240201,1,1860000,-1.0,2100000.0,0.0,0,S,O,74400.0,,,Sec,Regular,SecMov,RegSec,PSB,1
2002,202002,1001,058,20221001,99991231,20240301,20240101,2,1820000,-1.0,2100000.0,0.0,0,S,O,72800.0,,,Sec,Regular,SecMov,RegSec,PSB,1
2002,202002,1001,058,20221001,99991231,20240301,20231201,3,1780000,-1.0,2100000.0,0.0,0,S,O,71200.0,,,Sec,Regular,SecMov,RegSec,PSB,1
2002,202002,1001,058,20221001,99991231,20240301,20231101,4,1740000,-1.0,2100000.0,0.0,0,S,O,69600.0,,,Sec,Regular,SecMov,RegSec,PSB,1
2002,202002,1001,058,20221001,99991231,20240301,20231001,5,1700000,-1.0,2100000.0,0.0,0,S,O,68000.0,,,Sec,Regular,SecMov,RegSec,PSB,1
2002,202002,1001,058,20221001,99991231,20240301,20230901,6,1660000,-1.0,2100000.0,0.0,0,S,O,66400.0,,,Sec,Regular,SecMov,RegSec,PSB,1
2002,202002,1001,058,20221001,99991231,20240301,20230801,7,1620000,-1.0,2100000.0,0.0,0,S,O,64800.0,,,Sec,Regular,SecMov,RegSec,PSB,1
2002,202002,1001,058,20221001,99991231,20240301,20230701,8,1580000,-1.0,2100000.0,0.0,20,S,O,63200.0,,,Sec,Regular,SecMov,RegSec,PSB,1
2002,202002,1001,058,20221001,99991231,20240301,20230601,9,1540000,-1.0,2100000.0,0.0,0,S,O,61600.0,,,Sec,Regular,SecMov,RegSec,PSB,1
2002,202002,1001,058,20221001,99991231,20240301,20230501,10,1500000,-1.0,2100000.0,0.0,0,S,O,60000.0,,,Sec,Regular,SecMov,RegSec,PSB,1
2002,202002,1001,058,20221001,99991231,20240301,20230401,11,1460000,-1.0,2100000.0,0.0,0,S,O,58400.0,,,Sec,Regular,SecMov,RegSec,PSB,1
2002,202002,1001,058,20221001,99991231,20240301,20230301,12,1420000,-1.0,2100000.0,0.0,0,S,O,56800.0,,,Sec,Regular,SecMov,RegSec,PSB,1
2002,202002,1001,058,20221001,99991231,20240301,20230201,13,1380000,-1.0,2100000.0,0.0,0,S,O,55200.0,,,Sec,Regular,SecMov,RegSec,PSB,1
2002,202002,1001,058,20221001,99991231,20240301,20230101,14,1340000,-1.0,2100000.0,0.0,0,S,O,53600.0,,,Sec,Regular,SecMov,RegSec,PSB,1
2002,202002,1001,058,20221001,99991231,20240301,20221201,15,1300000,-1.0,2100000.0,0.0,0,S,O,52000.0,,,Sec,Regular,SecMov,RegSec,PSB,1
2002,202002,1001,058,20221001,99991231,20240301,20221101,16,1260000,-1.0,2100000.0,0.0,0,S,O,50400.0,,,Sec,Regular,SecMov,RegSec,PSB,1
2002,202002,1001,058,20221001,99991231,20240301,20221001,17,1220000,-1.0,2100000.0,0.0,0,S,O,48800.0,,,Sec,Regular,SecMov,RegSec,PSB,1
2003,203000,1001,123,20220301,99991231,20240301,20240301,0,120000,-1.0,145000.0,0.0,0,S,O,4800.0,,,UnSec,Regular,UnSecMov,RegUns,NBFC,1
2003,203000,1001,123,20220301,99991231,20240301,20240201,1,117000,-1.0,145000.0,0.0,0,S,O,4680.0,,,UnSec,Regular,UnSecMov,RegUns,NBFC,1
2003,203000,1001,123,20220301,99991231,20240301,20240101,2,114000,-1.0,145000.0,0.0,0,S,O,4560.0,,,UnSec,Regular,UnSecMov,RegUns,NBFC,1
2003,203000,1001,123,20220301,99991231,20240301,20231201,3,111000,-1.0,145000.0,0.0,0,S,O,4440.0,,,UnSec,Regular,UnSecMov,RegUns,NBFC,1
2003,203000,1001,123,20220301,99991231,20240301,20231101,4,108000,-1.0,145000.0,0.0,0,S,O,4320.0,,,UnSec,Regular,UnSecMov,RegUns,NBFC,1
2003,203000,1001,123,20220301,99991231,20240301,20231001,5,105000,-1.0,145000.0,0.0,0,S,O,4200.0,,,UnSec,Regular,UnSecMov,RegUns,NBFC,1
2003,203000,1001,123,20220301,99991231,20240301,20230901,6,102000,-1.0,145000.0,0.0,0,S,O,4080.0,,,UnSec,Regular,UnSecMov,RegUns,NBFC,1
2003,203000,1001,123,20220301,99991231,20240301,20230801,7,99000,-1.0,145000.0,0.0,0,S,O,3960.0,,,UnSec,Regular,UnSecMov,RegUns,NBFC,1
2003,203000,1001,123,20220301,99991231,20240301,20230701,8,96000,-1.0,145000.0,0.0,0,S,O,3840.0,,,UnSec,Regular,UnSecMov,RegUns,NBFC,1
2003,203000,1001,123,20220301,99991231,20240301,20230601,9,93000,-1.0,145000.0,0.0,0,S,O,3720.0,,,UnSec,Regular,UnSecMov,RegUns,NBFC,1
2003,203000,1001,123,20220301,99991231,20240301,20230501,10,90000,-1.0,145000.0,0.0,0,S,O,3600.0,,,UnSec,Regular,UnSecMov,RegUns,NBFC,1
2003,203000,1001,123,20220301,99991231,20240301,20230401,11,87000,-1.0,145000.0,0.0,0,S,O,3480.0,,,UnSec,Regular,UnSecMov,RegUns,NBFC,1
2003,203000,1001,123,20220301,99991231,20240301,20230301,12,84000,-1.0,145000.0,0.0,0,S,O,3360.0,,,UnSec,Regular,UnSecMov,RegUns,NBFC,1
2003,203000,1001,123,20220301,99991231,20240301,20230201,13,81000,-1.0,145000.0,0.0,0,S,O,3240.0,,,UnSec,Regular,UnSecMov,RegUns,NBFC,1
2003,203000,1001,123,20220301,99991231,20240301,20230101,14,78000,-1.0,145000.0,0.0,0,S,O,3120.0,,,UnSec,Regular,UnSecMov,RegUns,NBFC,1
2003,203000,1001,123,20220301,99991231,20240301,20221201,15,75000,-1.0,145000.0,0.0,0,S,O,3000.0,,,UnSec,Regular,UnSecMov,RegUns,NBFC,1
2003,203000,1001,123,20220301,99991231,20240301,20221101,16,72000,-1.0,145000.0,0.0,0,S,O,2880.0,,,UnSec,Regular,UnSecMov,RegUns,NBFC,1
2003,203000,1001,123,20220301,99991231,20240301,20221001,17,69000,-1.0,145000.0,0.0,0,S,O,2760.0,,,UnSec,Regular,UnSecMov,RegUns,NBFC,1
2003,203000,1001,123,20220301,99991231,20240301,20220901,18,66000,-1.0,145000.0,0.0,0,S,O,2640.0,,,UnSec,Regular,UnSecMov,RegUns,NBFC,1
2003,203000,1001,123,20220301,99991231,20240301,20220801,19,63000,-1.0,145000.0,0.0,0,S,O,2520.0,,,UnSec,Regular,UnSecMov,RegUns,NBFC,1
2003,203000,1001,123,20220301,99991231,20240301,20220701,20,60000,-1.0,145000.0,0.0,0,S,O,2400.0,,,UnSec,Regular,UnSecMov,RegUns,NBFC,1
2003,203000,1001,123,20220301,99991231,20240301,20220601,21,57000,-1.0,145000.0,0.0,0,S,O,2280.0,,,UnSec,Regular,UnSecMov,RegUns,NBFC,1
2003,203000,1001,123,20220301,99991231,20240301,20220501,22,54000,-1.0,145000.0,0.0,0,S,O,2160.0,,,UnSec,Regular,UnSecMov,RegUns,NBFC,1
2003,203000,1001,123,20220301,99991231,20240301,20220401,23,51000,-1.0,145000.0,0.0,0,S,O,2040.0,,,UnSec,Regular,UnSecMov,RegUns,NBFC,1
2003,203001,1001,123,20220301,99991231,20240301,20240301,0,120000,-1.0,145000.0,0.0,0,S,O,4800.0,,,UnSec,Regular,UnSecMov,RegUns,NBFC,1
2003,203001,1001,123,20220301,99991231,20240301,20240201,1,117000,-1.0,145000.0,0.0,0,S,O,4680.0,,,UnSec,Regular,UnSecMov,RegUns,NBFC,1
2003,203001,1001,123,20220301,99991231,20240301,20240101,2,114000,-1.0,145000.0,0.0,0,S,O,4560.0,,,UnSec,Regular,UnSecMov,RegUns,NBFC,1
2003,203001,1001,123,20220301,99991231,20240301,20231201,3,111000,-1.0,145000.0,0.0,0,S,O,4440.0,,,UnSec,Regular,UnSecMov,RegUns,NBFC,1
2003,203001,1001,123,20220301,99991231,20240301,20231101,4,108000,-1.0,145000.0,0.0,0,S,O,4320.0,,,UnSec,Regular,UnSecMov,RegUns,NBFC,1
2003,203001,1001,123,20220301,99991231,20240301,20231001,5,105000,-1.0,145000.0,0.0,0,S,O,4200.0,,,UnSec,Regular,UnSecMov,RegUns,NBFC,1
2003,203001,1001,123,20220301,99991231,20240301,20230901,6,102000,-1.0,145000.0,0.0,0,S,O,4080.0,,,UnSec,Regular,UnSecMov,RegUns,NBFC,1
2003,203001,1001,123,20220301,99991231,20240301,20230801,7,99000,-1.0,145000.0,0.0,0,S,O,3960.0,,,UnSec,Regular,UnSecMov,RegUns,NBFC,1
2003,203001,1001,123,20220301,99991231,20240301,20230701,8,96000,-1.0,145000.0,0.0,0,S,O,3840.0,,,UnSec,Regular,UnSecMov,RegUns,NBFC,1
2003,203001,1001,123,20220301,99991231,20240301,20230601,9,93000,-1.0,145000.0,0.0,0,S,O,3720.0,,,UnSec,Regular,UnSecMov,RegUns,NBFC,1
2003,203001,1001,123,20220301,99991231,20240301,20230501,10,90000,-1.0,145000.0,0.0,0,S,O,3600.0,,,UnSec,Regular,UnSecMov,RegUns,NBFC,1
2003,203001,1001,123,20220301,99991231,20240301,20230401,11,87000,-1.0,145000.0,0.0,0,S,O,3480.0,,,UnSec,Regular,UnSecMov,RegUns,NBFC,1
2003,203001,1001,123,20220301,99991231,20240301,20230301,12,84000,-1.0,145000.0,0.0,0,S,O,3360.0,,,UnSec,Regular,UnSecMov,RegUns,NBFC,1
2003,203001,1001,123,20220301,99991231,20240301,20230201,13,81000,-1.0,145000.0,0.0,0,S,O,3240.0,,,UnSec,Regular,UnSecMov,RegUns,NBFC,1
2003,203001,1001,123,20220301,99991231,20240301,20230101,14,78000,-1.0,145000.0,0.0,0,S,O,3120.0,,,UnSec,Regular,UnSecMov,RegUns,NBFC,1
2003,203001,1001,123,20220301,99991231,20240301,20221201,15,75000,-1.0,145000.0,0.0,0,S,O,3000.0,,,UnSec,Regular,UnSecMov,RegUns,NBFC,1
2003,203001,1001,123,20220301,99991231,20240301,20221101,16,72000,-1.0,145000.0,0.0,0,S,O,2880.0,,,UnSec,Regular,UnSecMov,RegUns,NBFC,1
2003,203001,1001,123,20220301,99991231,20240301,20221001,17,69000,-1.0,145000.0,0.0,0,S,O,2760.0,,,UnSec,Regular,UnSecMov,RegUns,NBFC,1
2003,203001,1001,123,20220301,99991231,20240301,20220901,18,66000,-1.0,145000.0,0.0,0,S,O,2640.0,,,UnSec,Regular,UnSecMov,RegUns,NBFC,1
2003,203001,1001,123,20220301,99991231,20240301,20220801,19,63000,-1.0,145000.0,0.0,0,S,O,2520.0,,,UnSec,Regular,UnSecMov,RegUns,NBFC,1
2003,203001,1001,123,20220301,99991231,20240301,20220701,20,60000,-1.0,145000.0,0.0,0,S,O,2400.0,,,UnSec,Regular,UnSecMov,RegUns,NBFC,1
2003,203001,1001,123,20220301,99991231,20240301,20220601,21,57000,-1.0,145000.0,0.0,0,S,O,2280.0,,,UnSec,Regular,UnSecMov,RegUns,NBFC,1
2003,203001,1001,123,20220301,99991231,20240301,20220501,22,54000,-1.0,145000.0,0.0,0,S,O,2160.0,,,UnSec,Regular,UnSecMov,RegUns,NBFC,1
2003,203001,1001,123,20220301,99991231,20240301,20220401,23,51000,-1.0,145000.0,0.0,0,S,O,2040.0,,,UnSec,Regular,UnSecMov,RegUns,NBFC,1
2003,203002,1001,123,20220301,99991231,20240301,20240301,0,120000,-1.0,145000.0,0.0,0,S,O,4800.0,,,UnSec,Regular,UnSecMov,RegUns,NBFC,1
2003,203002,1001,123,20220301,99991231,20240301,20240201,1,117000,-1.0,145000.0,0.0,0,S,O,4680.0,,,UnSec,Regular,UnSecMov,RegUns,NBFC,1
2003,203002,1001,123,20220301,99991231,20240301,20240101,2,114000,-1.0,145000.0,0.0,0,S,O,4560.0,,,UnSec,Regular,UnSecMov,RegUns,NBFC,1
2003,203002,1001,123,20220301,99991231,20240301,20231201,3,111000,-1.0,145000.0,0.0,0,S,O,4440.0,,,UnSec,Regular,UnSecMov,RegUns,NBFC,1
2003,203002,1001,123,20220301,99991231,20240301,20231101,4,108000,-1.0,145000.0,0.0,0,S,O,4320.0,,,UnSec,Regular,UnSecMov,RegUns,NBFC,1
2003,203002,1001,123,20220301,99991231,20240301,20231001,5,105000,-1.0,145000.0,0.0,0,S,O,4200.0,,,UnSec,Regular,UnSecMov,RegUns,NBFC,1
2003,203002,1001,123,20220301,99991231,20240301,20230901,6,102000,-1.0,145000.0,0.0,0,S,O,4080.0,,,UnSec,Regular,UnSecMov,RegUns,NBFC,1
2003,203002,1001,123,20220301,99991231,20240301,20230801,7,99000,-1.0,145000.0,0.0,0,S,O,3960.0,,,UnSec,Regular,UnSecMov,RegUns,NBFC,1
2003,203002,1001,123,20220301,99991231,20240301,20230701,8,96000,-1.0,145000.0,0.0,0,S,O,3840.0,,,UnSec,Regular,UnSecMov,RegUns,NBFC,1
2003,203002,1001,123,20220301,99991231,20240301,20230601,9,93000,-1.0,145000.0,0.0,0,S,O,3720.0,,,UnSec,Regular,UnSecMov,RegUns,NBFC,1
2003,203002,1001,123,20220301,99991231,20240301,20230501,10,90000,-1.0,145000.0,0.0,0,S,O,3600.0,,,UnSec,Regular,UnSecMov,RegUns,NBFC,1
2003,203002,1001,123,20220301,99991231,20240301,20230401,11,87000,-1.0,145000.0,0.0,0,S,O,3480.0,,,UnSec,Regular,UnSecMov,RegUns,NBFC,1
2003,203002,1001,123,20220301,99991231,20240301,20230301,12,84000,-1.0,145000.0,0.0,0,S,O,3360.0,,,UnSec,Regular,UnSecMov,RegUns,NBFC,1
2003,203002,1001,123,20220301,99991231,20240301,20230201,13,81000,-1.0,145000.0,0.0,0,S,O,3240.0,,,UnSec,Regular,UnSecMov,RegUns,NBFC,1
2003,203002,1001,123,20220301,99991231,20240301,20230101,14,78000,-1.0,145000.0,0.0,0,S,O,3120.0,,,UnSec,Regular,UnSecMov,RegUns,NBFC,1
2003,203002,1001,123,20220301,99991231,20240301,20221201,15,75000,-1.0,145000.0,0.0,0,S,O,3000.0,,,UnSec,Regular,UnSecMov,RegUns,NBFC,1
2003,203002,1001,123,20220301,99991231,20240301,20221101,16,72000,-1.0,145000.0,0.0,0,S,O,2880.0,,,UnSec,Regular,UnSecMov,RegUns,NBFC,1
2003,203002,1001,123,20220301,99991231,20240301,20221001,17,69000,-1.0,145000.0,0.0,0,S,O,2760.0,,,UnSec,Regular,UnSecMov,RegUns,NBFC,1
2003,203002,1001,123,20220301,99991231,20240301,20220901,18,66000,-1.0,145000.0,0.0,0,S,O,2640.0,,,UnSec,Regular,UnSecMov,RegUns,NBFC,1
2003,203002,1001,123,20220301,99991231,20240301,20220801,19,63000,-1.0,145000.0,0.0,0,S,O,2520.0,,,UnSec,Regular,UnSecMov,RegUns,NBFC,1
2003,203002,1001,123,20220301,99991231,20240301,20220701,20,60000,-1.0,145000.0,0.0,0,S,O,2400.0,,,UnSec,Regular,UnSecMov,RegUns,NBFC,1
2003,203002,1001,123,20220301,99991231,20240301,20220601,21,57000,-1.0,145000.0,0.0,0,S,O,2280.0,,,UnSec,Regular,UnSecMov,RegUns,NBFC,1
2003,203002,1001,123,20220301,99991231,20240301,20220501,22,54000,-1.0,145000.0,0.0,0,S,O,2160.0,,,UnSec,Regular,UnSecMov,RegUns,NBFC,1
2003,203002,1001,123,20220301,99991231,20240301,20220401,23,51000,-1.0,145000.0,0.0,0,S,O,2040.0,,,UnSec,Regular,UnSecMov,RegUns,NBFC,1
2003,203003,1001,123,20220301,99991231,20240301,20240301,0,120000,-1.0,145000.0,0.0,0,S,O,4800.0,,,UnSec,Regular,UnSecMov,RegUns,NBFC,1
2003,203003,1001,123,20220301,99991231,20240301,20240201,1,117000,-1.0,145000.0,0.0,0,S,O,4680.0,,,UnSec,Regular,UnSecMov,RegUns,NBFC,1
2003,203003,1001,123,20220301,99991231,20240301,20240101,2,114000,-1.0,145000.0,0.0,0,S,O,4560.0,,,UnSec,Regular,UnSecMov,RegUns,NBFC,1
2003,203003,1001,123,20220301,99991231,20240301,20231201,3,111000,-1.0,145000.0,0.0,0,S,O,4440.0,,,UnSec,Regular,UnSecMov,RegUns,NBFC,1
2003,203003,1001,123,20220301,99991231,20240301,20231101,4,108000,-1.0,145000.0,0.0,0,S,O,4320.0,,,UnSec,Regular,UnSecMov,RegUns,NBFC,1
2003,203003,1001,123,20220301,99991231,20240301,20231001,5,105000,-1.0,145000.0,0.0,0,S,O,4200.0,,,UnSec,Regular,UnSecMov,RegUns,NBFC,1
2003,203003,1001,123,20220301,99991231,20240301,20230901,6,102000,-1.0,145000.0,0.0,0,S,O,4080.0,,,UnSec,Regular,UnSecMov,RegUns,NBFC,1
2003,203003,1001,123,20220301,99991231,20240301,20230801,7,99000,-1.0,145000.0,0.0,0,S,O,3960.0,,,UnSec,Regular,UnSecMov,RegUns,NBFC,1
2003,203003,1001,123,20220301,99991231,20240301,20230701,8,96000,-1.0,145000.0,0.0,0,S,O,3840.0,,,UnSec,Regular,UnSecMov,RegUns,NBFC,1
2003,203003,1001,123,20220301,99991231,20240301,20230601,9,93000,-1.0,145000.0,0.0,0,S,O,3720.0,,,UnSec,Regular,UnSecMov,RegUns,NBFC,1
2003,203003,1001,123,20220301,99991231,20240301,20230501,10,90000,-1.0,145000.0,0.0,0,S,O,3600.0,,,UnSec,Regular,UnSecMov,RegUns,NBFC,1
2003,203003,1001,123,20220301,99991231,20240301,20230401,11,87000,-1.0,145000.0,0.0,0,S,O,3480.0,,,UnSec,Regular,UnSecMov,RegUns,NBFC,1
2003,203003,1001,123,20220301,99991231,20240301,20230301,12,84000,-1.0,145000.0,0.0,0,S,O,3360.0,,,UnSec,Regular,UnSecMov,RegUns,NBFC,1
2003,203003,1001,123,20220301,99991231,20240301,20230201,13,81000,-1.0,145000.0,0.0,0,S,O,3240.0,,,UnSec,Regular,UnSecMov,RegUns,NBFC,1
2003,203003,1001,123,20220301,99991231,20240301,20230101,14,78000,-1.0,145000.0,0.0,0,S,O,3120.0,,,UnSec,Regular,UnSecMov,RegUns,NBFC,1
2003,203003,1001,123,20220301,99991231,20240301,20221201,15,75000,-1.0,145000.0,0.0,0,S,O,3000.0,,,UnSec,Regular,UnSecMov,RegUns,NBFC,1
2003,203003,1001,123,20220301,99991231,20240301,20221101,16,72000,-1.0,145000.0,0.0,0,S,O,2880.0,,,UnSec,Regular,UnSecMov,RegUns,NBFC,1
2003,203003,1001,123,20220301,99991231,20240301,20221001,17,69000,-1.0,145000.0,0.0,0,S,O,2760.0,,,UnSec,Regular,UnSecMov,RegUns,NBFC,1
2003,203003,1001,123,20220301,99991231,20240301,20220901,18,66000,-1.0,145000.0,0.0,0,S,O,2640.0,,,UnSec,Regular,UnSecMov,RegUns,NBFC,1
2003,203003,1001,123,20220301,99991231,20240301,20220801,19,63000,-1.0,145000.0,0.0,0,S,O,2520.0,,,UnSec,Regular,UnSecMov,RegUns,NBFC,1
2003,203003,1001,123,20220301,99991231,20240301,20220701,20,60000,-1.0,145000.0,0.0,0,S,O,2400.0,,,UnSec,Regular,UnSecMov,RegUns,NBFC,1
2003,203003,1001,123,20220301,99991231,20240301,20220601,21,57000,-1.0,145000.0,0.0,0,S,O,2280.0,,,UnSec,Regular,UnSecMov,RegUns,NBFC,1
2003,203003,1001,123,20220301,99991231,20240301,20220501,22,54000,-1.0,145000.0,0.0,0,S,O,2160.0,,,UnSec,Regular,UnSecMov,RegUns,NBFC,1
2003,203003,1001,123,20220301,99991231,20240301,20220401,23,51000,-1.0,145000.0,0.0,0,S,O,2040.0,,,UnSec,Regular,UnSecMov,RegUns,NBFC,1
2003,203004,1001,123,20220301,99991231,20240301,20240301,0,120000,-1.0,145000.0,0.0,0,S,O,4800.0,,,UnSec,Regular,UnSecMov,RegUns,NBFC,1
2003,203004,1001,123,20220301,99991231,20240301,20240201,1,117000,-1.0,145000.0,0.0,0,S,O,4680.0,,,UnSec,Regular,UnSecMov,RegUns,NBFC,1
2003,203004,1001,123,20220301,99991231,20240301,20240101,2,114000,-1.0,145000.0,0.0,0,S,O,4560.0,,,UnSec,Regular,UnSecMov,RegUns,NBFC,1
2003,203004,1001,123,20220301,99991231,20240301,20231201,3,111000,-1.0,145000.0,0.0,0,S,O,4440.0,,,UnSec,Regular,UnSecMov,RegUns,NBFC,1
2003,203004,1001,123,20220301,99991231,20240301,20231101,4,108000,-1.0,145000.0,0.0,0,S,O,4320.0,,,UnSec,Regular,UnSecMov,RegUns,NBFC,1
2003,203004,1001,123,20220301,99991231,20240301,20231001,5,105000,-1.0,145000.0,0.0,0,S,O,4200.0,,,UnSec,Regular,UnSecMov,RegUns,NBFC,1
2003,203004,1001,123,20220301,99991231,20240301,20230901,6,102000,-1.0,145000.0,0.0,0,S,O,4080.0,,,UnSec,Regular,UnSecMov,RegUns,NBFC,1
2003,203004,1001,123,20220301,99991231,20240301,20230801,7,99000,-1.0,145000.0,0.0,0,S,O,3960.0,,,UnSec,Regular,UnSecMov,RegUns,NBFC,1
2003,203004,1001,123,20220301,99991231,20240301,20230701,8,96000,-1.0,145000.0,0.0,0,S,O,3840.0,,,UnSec,Regular,UnSecMov,RegUns,NBFC,1
2003,203004,1001,123,20220301,99991231,20240301,20230601,9,93000,-1.0,145000.0,0.0,0,S,O,3720.0,,,UnSec,Regular,UnSecMov,RegUns,NBFC,1
2003,203004,1001,123,20220301,99991231,20240301,20230501,10,90000,-1.0,145000.0,0.0,0,S,O,3600.0,,,UnSec,Regular,UnSecMov,RegUns,NBFC,1
2003,203004,1001,123,20220301,99991231,20240301,20230401,11,87000,-1.0,145000.0,0.0,0,S,O,3480.0,,,UnSec,Regular,UnSecMov,RegUns,NBFC,1
2003,203004,1001,123,20220301,99991231,20240301,20230301,12,84000,-1.0,145000.0,0.0,0,S,O,3360.0,,,UnSec,Regular,UnSecMov,RegUns,NBFC,1
2003,203004,1001,123,20220301,99991231,20240301,20230201,13,81000,-1.0,145000.0,0.0,0,S,O,3240.0,,,UnSec,Regular,UnSecMov,RegUns,NBFC,1
2003,203004,1001,123,20220301,99991231,20240301,20230101,14,78000,-1.0,145000.0,0.0,0,S,O,3120.0,,,UnSec,Regular,UnSecMov,RegUns,NBFC,1
2003,203004,1001,123,20220301,99991231,20240301,20221201,15,75000,-1.0,145000.0,0.0,0,S,O,3000.0,,,UnSec,Regular,UnSecMov,RegUns,NBFC,1
2003,203004,1001,123,20220301,99991231,20240301,20221101,16,72000,-1.0,145000.0,0.0,0,S,O,2880.0,,,UnSec,Regular,UnSecMov,RegUns,NBFC,1
2003,203004,1001,123,20220301,99991231,20240301,20221001,17,69000,-1.0,145000.0,0.0,0,S,O,2760.0,,,UnSec,Regular,UnSecMov,RegUns,NBFC,1
2003,203004,1001,123,20220301,99991231,20240301,20220901,18,66000,-1.0,145000.0,0.0,0,S,O,2640.0,,,UnSec,Regular,UnSecMov,RegUns,NBFC,1
2003,203004,1001,123,20220301,99991231,20240301,20220801,19,63000,-1.0,145000.0,0.0,0,S,O,2520.0,,,UnSec,Regular,UnSecMov,RegUns,NBFC,1
2003,203004,1001,123,20220301,99991231,20240301,20220701,20,60000,-1.0,145000.0,0.0,0,S,O,2400.0,,,UnSec,Regular,UnSecMov,RegUns,NBFC,1
2003,203004,1001,123,20220301,99991231,20240301,20220601,21,57000,-1.0,145000.0,0.0,0,S,O,2280.0,,,UnSec,Regular,UnSecMov,RegUns,NBFC,1
2003,203004,1001,123,20220301,99991231,20240301,20220501,22,54000,-1.0,145000.0,0.0,0,S,O,2160.0,,,UnSec,Regular,UnSecMov,RegUns,NBFC,1
2003,203004,1001,123,20220301,99991231,20240301,20220401,23,51000,-1.0,145000.0,0.0,0,S,O,2040.0,,,UnSec,Regular,UnSecMov,RegUns,NBFC,1
2003,203005,1001,123,20220301,99991231,20240301,20240301,0,120000,-1.0,145000.0,0.0,0,S,O,4800.0,,,UnSec,Regular,UnSecMov,RegUns,NBFC,1
2003,203005,1001,123,20220301,99991231,20240301,20240201,1,117000,-1.0,145000.0,0.0,0,S,O,4680.0,,,UnSec,Regular,UnSecMov,RegUns,NBFC,1
2003,203005,1001,123,20220301,99991231,20240301,20240101,2,114000,-1.0,145000.0,0.0,0,S,O,4560.0,,,UnSec,Regular,UnSecMov,RegUns,NBFC,1
2003,203005,1001,123,20220301,99991231,20240301,20231201,3,111000,-1.0,145000.0,0.0,0,S,O,4440.0,,,UnSec,Regular,UnSecMov,RegUns,NBFC,1
2003,203005,1001,123,20220301,99991231,20240301,20231101,4,108000,-1.0,145000.0,0.0,0,S,O,4320.0,,,UnSec,Regular,UnSecMov,RegUns,NBFC,1
2003,203005,1001,123,20220301,99991231,20240301,20231001,5,105000,-1.0,145000.0,0.0,0,S,O,4200.0,,,UnSec,Regular,UnSecMov,RegUns,NBFC,1
2003,203005,1001,123,20220301,99991231,20240301,20230901,6,102000,-1.0,145000.0,0.0,0,S,O,4080.0,,,UnSec,Regular,UnSecMov,RegUns,NBFC,1
2003,203005,1001,123,20220301,99991231,20240301,20230801,7,99000,-1.0,145000.0,0.0,0,S,O,3960.0,,,UnSec,Regular,UnSecMov,RegUns,NBFC,1
2003,203005,1001,123,20220301,99991231,20240301,20230701,8,96000,-1.0,145000.0,0.0,0,S,O,3840.0,,,UnSec,Regular,UnSecMov,RegUns,NBFC,1
2003,203005,1001,123,20220301,99991231,20240301,20230601,9,93000,-1.0,145000.0,0.0,0,S,O,3720.0,,,UnSec,Regular,UnSecMov,RegUns,NBFC,1
2003,203005,1001,123,20220301,99991231,20240301,20230501,10,90000,-1.0,145000.0,0.0,0,S,O,3600.0,,,UnSec,Regular,UnSecMov,RegUns,NBFC,1
2003,203005,1001,123,20220301,99991231,20240301,20230401,11,87000,-1.0,145000.0,0.0,0,S,O,3480.0,,,UnSec,Regular,UnSecMov,RegUns,NBFC,1
2003,203005,1001,123,20220301,99991231,20240301,20230301,12,84000,-1.0,145000.0,0.0,0,S,O,3360.0,,,UnSec,Regular,UnSecMov,RegUns,NBFC,1
2003,203005,1001,123,20220301,99991231,20240301,20230201,13,81000,-1.0,145000.0,0.0,0,S,O,3240.0,,,UnSec,Regular,UnSecMov,RegUns,NBFC,1
2003,203005,1001,123,20220301,99991231,20240301,20230101,14,78000,-1.0,145000.0,0.0,0,S,O,3120.0,,,UnSec,Regular,UnSecMov,RegUns,NBFC,1
2003,203005,1001,123,20220301,99991231,20240301,20221201,15,75000,-1.0,145000.0,0.0,0,S,O,3000.0,,,UnSec,Regular,UnSecMov,RegUns,NBFC,1
2003,203005,1001,123,20220301,99991231,20240301,20221101,16,72000,-1.0,145000.0,0.0,0,S,O,2880.0,,,UnSec,Regular,UnSecMov,RegUns,NBFC,1
2003,203005,1001,123,20220301,99991231,20240301,20221001,17,69000,-1.0,145000.0,0.0,0,S,O,2760.0,,,UnSec,Regular,UnSecMov,RegUns,NBFC,1
2003,203005,1001,123,20220301,99991231,20240301,20220901,18,66000,-1.0,145000.0,0.0,0,S,O,2640.0,,,UnSec,Regular,UnSecMov,RegUns,NBFC,1
2003,203005,1001,123,20220301,99991231,20240301,20220801,19,63000,-1.0,145000.0,0.0,0,S,O,2520.0,,,UnSec,Regular,UnSecMov,RegUns,NBFC,1
2003,203005,1001,123,20220301,99991231,20240301,20220701,20,60000,-1.0,145000.0,0.0,0,S,O,2400.0,,,UnSec,Regular,UnSecMov,RegUns,NBFC,1
2003,203005,1001,123,20220301,99991231,20240301,20220601,21,57000,-1.0,145000.0,0.0,0,S,O,2280.0,,,UnSec,Regular,UnSecMov,RegUns,NBFC,1
2003,203005,1001,123,20220301,99991231,20240301,20220501,22,54000,-1.0,145000.0,0.0,0,S,O,2160.0,,,UnSec,Regular,UnSecMov,RegUns,NBFC,1
2003,203005,1001,123,20220301,99991231,20240301,20220401,23,51000,-1.0,145000.0,0.0,0,S,O,2040.0,,,UnSec,Regular,UnSecMov,RegUns,NBFC,1
2003,203006,1001,123,20220301,99991231,20240301,20240301,0,120000,-1.0,145000.0,0.0,0,S,O,4800.0,,,UnSec,Regular,UnSecMov,RegUns,NBFC,1
2003,203006,1001,123,20220301,99991231,20240301,20240201,1,117000,-1.0,145000.0,0.0,0,S,O,4680.0,,,UnSec,Regular,UnSecMov,RegUns,NBFC,1
2003,203006,1001,123,20220301,99991231,20240301,20240101,2,114000,-1.0,145000.0,0.0,0,S,O,4560.0,,,UnSec,Regular,UnSecMov,RegUns,NBFC,1
2003,203006,1001,123,20220301,99991231,20240301,20231201,3,111000,-1.0,145000.0,0.0,0,S,O,4440.0,,,UnSec,Regular,UnSecMov,RegUns,NBFC,1
2003,203006,1001,123,20220301,99991231,20240301,20231101,4,108000,-1.0,145000.0,0.0,0,S,O,4320.0,,,UnSec,Regular,UnSecMov,RegUns,NBFC,1
2003,203006,1001,123,20220301,99991231,20240301,20231001,5,105000,-1.0,145000.0,0.0,0,S,O,4200.0,,,UnSec,Regular,UnSecMov,RegUns,NBFC,1
2003,203006,1001,123,20220301,99991231,20240301,20230901,6,102000,-1.0,145000.0,0.0,0,S,O,4080.0,,,UnSec,Regular,UnSecMov,RegUns,NBFC,1
2003,203006,1001,123,20220301,99991231,20240301,20230801,7,99000,-1.0,145000.0,0.0,0,S,O,3960.0,,,UnSec,Regular,UnSecMov,RegUns,NBFC,1
2003,203006,1001,123,20220301,99991231,20240301,20230701,8,96000,-1.0,145000.0,0.0,0,S,O,3840.0,,,UnSec,Regular,UnSecMov,RegUns,NBFC,1
2003,203006,1001,123,20220301,99991231,20240301,20230601,9,93000,-1.0,145000.0,0.0,0,S,O,3720.0,,,UnSec,Regular,UnSecMov,RegUns,NBFC,1
2003,203006,1001,123,20220301,99991231,20240301,20230501,10,90000,-1.0,145000.0,0.0,0,S,O,3600.0,,,UnSec,Regular,UnSecMov,RegUns,NBFC,1
2003,203006,1001,123,20220301,99991231,20240301,20230401,11,87000,-1.0,145000.0,0.0,0,S,O,3480.0,,,UnSec,Regular,UnSecMov,RegUns,NBFC,1
2003,203006,1001,123,20220301,99991231,20240301,20230301,12,84000,-1.0,145000.0,0.0,0,S,O,3360.0,,,UnSec,Regular,UnSecMov,RegUns,NBFC,1
2003,203006,1001,123,20220301,99991231,20240301,20230201,13,81000,-1.0,145000.0,0.0,0,S,O,3240.0,,,UnSec,Regular,UnSecMov,RegUns,NBFC,1
2003,203006,1001,123,20220301,99991231,20240301,20230101,14,78000,-1.0,145000.0,0.0,0,S,O,3120.0,,,UnSec,Regular,UnSecMov,RegUns,NBFC,1
2003,203006,1001,123,20220301,99991231,20240301,20221201,15,75000,-1.0,145000.0,0.0,0,S,O,3000.0,,,UnSec,Regular,UnSecMov,RegUns,NBFC,1
2003,203006,1001,123,20220301,99991231,20240301,20221101,16,72000,-1.0,145000.0,0.0,0,S,O,2880.0,,,UnSec,Regular,UnSecMov,RegUns,NBFC,1
2003,203006,1001,123,20220301,99991231,20240301,20221001,17,69000,-1.0,145000.0,0.0,0,S,O,2760.0,,,UnSec,Regular,UnSecMov,RegUns,NBFC,1
2003,203006,1001,123,20220301,99991231,20240301,20220901,18,66000,-1.0,145000.0,0.0,0,S,O,2640.0,,,UnSec,Regular,UnSecMov,RegUns,NBFC,1
2003,203006,1001,123,20220301,99991231,20240301,20220801,19,63000,-1.0,145000.0,0.0,0,S,O,2520.0,,,UnSec,Regular,UnSecMov,RegUns,NBFC,1
2003,203006,1001,123,20220301,99991231,20240301,20220701,20,60000,-1.0,145000.0,0.0,0,S,O,2400.0,,,UnSec,Regular,UnSecMov,RegUns,NBFC,1
2003,203006,1001,123,20220301,99991231,20240301,20220601,21,57000,-1.0,145000.0,0.0,0,S,O,2280.0,,,UnSec,Regular,UnSecMov,RegUns,NBFC,1
2003,203006,1001,123,20220301,99991231,20240301,20220501,22,54000,-1.0,145000.0,0.0,0,S,O,2160.0,,,UnSec,Regular,UnSecMov,RegUns,NBFC,1
2003,203006,1001,123,20220301,99991231,20240301,20220401,23,51000,-1.0,145000.0,0.0,0,S,O,2040.0,,,UnSec,Regular,UnSecMov,RegUns,NBFC,1
2003,203007,1001,123,20220301,99991231,20240301,20240301,0,120000,-1.0,145000.0,0.0,0,S,O,4800.0,,,UnSec,Regular,UnSecMov,RegUns,NBFC,1
2003,203007,1001,123,20220301,99991231,20240301,20240201,1,117000,-1.0,145000.0,0.0,0,S,O,4680.0,,,UnSec,Regular,UnSecMov,RegUns,NBFC,1
2003,203007,1001,123,20220301,99991231,20240301,20240101,2,114000,-1.0,145000.0,0.0,0,S,O,4560.0,,,UnSec,Regular,UnSecMov,RegUns,NBFC,1
2003,203007,1001,123,20220301,99991231,20240301,20231201,3,111000,-1.0,145000.0,0.0,0,S,O,4440.0,,,UnSec,Regular,UnSecMov,RegUns,NBFC,1
2003,203007,1001,123,20220301,99991231,20240301,20231101,4,108000,-1.0,145000.0,0.0,0,S,O,4320.0,,,UnSec,Regular,UnSecMov,RegUns,NBFC,1
2003,203007,1001,123,20220301,99991231,20240301,20231001,5,105000,-1.0,145000.0,0.0,0,S,O,4200.0,,,UnSec,Regular,UnSecMov,RegUns,NBFC,1
2003,203007,1001,123,20220301,99991231,20240301,20230901,6,102000,-1.0,145000.0,0.0,0,S,O,4080.0,,,UnSec,Regular,UnSecMov,RegUns,NBFC,1
2003,203007,1001,123,20220301,99991231,20240301,20230801,7,99000,-1.0,145000.0,0.0,0,S,O,3960.0,,,UnSec,Regular,UnSecMov,RegUns,NBFC,1
2003,203007,1001,123,20220301,99991231,20240301,20230701,8,96000,-1.0,145000.0,0.0,0,S,O,3840.0,,,UnSec,Regular,UnSecMov,RegUns,NBFC,1
2003,203007,1001,123,20220301,99991231,20240301,20230601,9,93000,-1.0,145000.0,0.0,0,S,O,3720.0,,,UnSec,Regular,UnSecMov,RegUns,NBFC,1
2003,203007,1001,123,20220301,99991231,20240301,20230501,10,90000,-1.0,145000.0,0.0,0,S,O,3600.0,,,UnSec,Regular,UnSecMov,RegUns,NBFC,1
2003,203007,1001,123,20220301,99991231,20240301,20230401,11,87000,-1.0,145000.0,0.0,0,S,O,3480.0,,,UnSec,Regular,UnSecMov,RegUns,NBFC,1
2003,203007,1001,123,20220301,99991231,20240301,20230301,12,84000,-1.0,145000.0,0.0,0,S,O,3360.0,,,UnSec,Regular,UnSecMov,RegUns,NBFC,1
2003,203007,1001,123,20220301,99991231,20240301,20230201,13,81000,-1.0,145000.0,0.0,0,S,O,3240.0,,,UnSec,Regular,UnSecMov,RegUns,NBFC,1
2003,203007,1001,123,20220301,99991231,20240301,20230101,14,78000,-1.0,145000.0,0.0,0,S,O,3120.0,,,UnSec,Regular,UnSecMov,RegUns,NBFC,1
2003,203007,1001,123,20220301,99991231,20240301,20221201,15,75000,-1.0,145000.0,0.0,0,S,O,3000.0,,,UnSec,Regular,UnSecMov,RegUns,NBFC,1
2003,203007,1001,123,20220301,99991231,20240301,20221101,16,72000,-1.0,145000.0,0.0,0,S,O,2880.0,,,UnSec,Regular,UnSecMov,RegUns,NBFC,1
2003,203007,1001,123,20220301,99991231,20240301,20221001,17,69000,-1.0,145000.0,0.0,0,S,O,2760.0,,,UnSec,Regular,UnSecMov,RegUns,NBFC,1
2003,203007,1001,123,20220301,99991231,20240301,20220901,18,66000,-1.0,145000.0,0.0,0,S,O,2640.0,,,UnSec,Regular,UnSecMov,RegUns,NBFC,1
2003,203007,1001,123,20220301,99991231,20240301,20220801,19,63000,-1.0,145000.0,0.0,0,S,O,2520.0,,,UnSec,Regular,UnSecMov,RegUns,NBFC,1
2003,203007,1001,123,20220301,99991231,20240301,20220701,20,60000,-1.0,145000.0,0.0,0,S,O,2400.0,,,UnSec,Regular,UnSecMov,RegUns,NBFC,1
2003,203007,1001,123,20220301,99991231,20240301,20220601,21,57000,-1.0,145000.0,0.0,0,S,O,2280.0,,,UnSec,Regular,UnSecMov,RegUns,NBFC,1
2003,203007,1001,123,20220301,99991231,20240301,20220501,22,54000,-1.0,145000.0,0.0,0,S,O,2160.0,,,UnSec,Regular,UnSecMov,RegUns,NBFC,1
2003,203007,1001,123,20220301,99991231,20240301,20220401,23,51000,-1.0,145000.0,0.0,0,S,O,2040.0,,,UnSec,Regular,UnSecMov,RegUns,NBFC,1
2004,204000,1001,123,20220301,99991231,20240301,20240301,0,120000,-1.0,145000.0,0.0,0,S,O,4800.0,,,UnSec,Regular,UnSecMov,RegUns,NBFC,1
2004,204000,1001,123,20220301,99991231,20240301,20240201,1,117000,-1.0,145000.0,0.0,0,S,O,4680.0,,,UnSec,Regular,UnSecMov,RegUns,NBFC,1
2004,204000,1001,123,20220301,99991231,20240301,20240101,2,114000,-1.0,145000.0,0.0,0,S,O,4560.0,,,UnSec,Regular,UnSecMov,RegUns,NBFC,1
2004,204000,1001,123,20220301,99991231,20240301,20231201,3,111000,-1.0,145000.0,0.0,0,S,O,4440.0,,,UnSec,Regular,UnSecMov,RegUns,NBFC,1
2004,204000,1001,123,20220301,99991231,20240301,20231101,4,108000,-1.0,145000.0,0.0,0,S,O,4320.0,,,UnSec,Regular,UnSecMov,RegUns,NBFC,1
2004,204000,1001,123,20220301,99991231,20240301,20231001,5,105000,-1.0,145000.0,0.0,0,S,O,4200.0,,,UnSec,Regular,UnSecMov,RegUns,NBFC,1
2004,204000,1001,123,20220301,99991231,20240301,20230901,6,102000,-1.0,145000.0,0.0,0,S,O,4080.0,,,UnSec,Regular,UnSecMov,RegUns,NBFC,1
2004,204000,1001,123,20220301,99991231,20240301,20230801,7,99000,-1.0,145000.0,0.0,0,S,O,3960.0,,,UnSec,Regular,UnSecMov,RegUns,NBFC,1
2004,204000,1001,123,20220301,99991231,20240301,20230701,8,96000,-1.0,145000.0,0.0,0,S,O,3840.0,,,UnSec,Regular,UnSecMov,RegUns,NBFC,1
2004,204000,1001,123,20220301,99991231,20240301,20230601,9,93000,-1.0,145000.0,0.0,0,S,O,3720.0,,,UnSec,Regular,UnSecMov,RegUns,NBFC,1
2004,204000,1001,123,20220301,99991231,20240301,20230501,10,90000,-1.0,145000.0,0.0,0,S,O,3600.0,,,UnSec,Regular,UnSecMov,RegUns,NBFC,1
2004,204000,1001,123,20220301,99991231,20240301,20230401,11,87000,-1.0,145000.0,0.0,0,S,O,3480.0,,,UnSec,Regular,UnSecMov,RegUns,NBFC,1
2004,204000,1001,123,20220301,99991231,20240301,20230301,12,84000,-1.0,145000.0,0.0,0,S,O,3360.0,,,UnSec,Regular,UnSecMov,RegUns,NBFC,1
2004,204000,1001,123,20220301,99991231,20240301,20230201,13,81000,-1.0,145000.0,0.0,0,S,O,3240.0,,,UnSec,Regular,UnSecMov,RegUns,NBFC,1
2004,204000,1001,123,20220301,99991231,20240301,20230101,14,78000,-1.0,145000.0,0.0,0,S,O,3120.0,,,UnSec,Regular,UnSecMov,RegUns,NBFC,1
2004,204000,1001,123,20220301,99991231,20240301,20221201,15,75000,-1.0,145000.0,0.0,0,S,O,3000.0,,,UnSec,Regular,UnSecMov,RegUns,NBFC,1
2004,204000,1001,123,20220301,99991231,20240301,20221101,16,72000,-1.0,145000.0,0.0,0,S,O,2880.0,,,UnSec,Regular,UnSecMov,RegUns,NBFC,1
2004,204000,1001,123,20220301,99991231,20240301,20221001,17,69000,-1.0,145000.0,0.0,0,S,O,2760.0,,,UnSec,Regular,UnSecMov,RegUns,NBFC,1
2004,204000,1001,123,20220301,99991231,20240301,20220901,18,66000,-1.0,145000.0,0.0,0,S,O,2640.0,,,UnSec,Regular,UnSecMov,RegUns,NBFC,1
2004,204000,1001,123,20220301,99991231,20240301,20220801,19,63000,-1.0,145000.0,0.0,0,S,O,2520.0,,,UnSec,Regular,UnSecMov,RegUns,NBFC,1
2004,204000,1001,123,20220301,99991231,20240301,20220701,20,60000,-1.0,145000.0,0.0,0,S,O,2400.0,,,UnSec,Regular,UnSecMov,RegUns,NBFC,1
2004,204000,1001,123,20220301,99991231,20240301,20220601,21,57000,-1.0,145000.0,0.0,0,S,O,2280.0,,,UnSec,Regular,UnSecMov,RegUns,NBFC,1
2004,204000,1001,123,20220301,99991231,20240301,20220501,22,54000,-1.0,145000.0,0.0,0,S,O,2160.0,,,UnSec,Regular,UnSecMov,RegUns,NBFC,1
2004,204000,1001,123,20220301,99991231,20240301,20220401,23,51000,-1.0,145000.0,0.0,0,S,O,2040.0,,,UnSec,Regular,UnSecMov,RegUns,NBFC,1
2004,204001,1001,123,20220301,99991231,20240301,20240301,0,120000,-1.0,145000.0,0.0,0,S,O,4800.0,,,UnSec,Regular,UnSecMov,RegUns,NBFC,1
2004,204001,1001,123,20220301,99991231,20240301,20240201,1,117000,-1.0,145000.0,0.0,0,S,O,4680.0,,,UnSec,Regular,UnSecMov,RegUns,NBFC,1
2004,204001,1001,123,20220301,99991231,20240301,20240101,2,114000,-1.0,145000.0,0.0,0,S,O,4560.0,,,UnSec,Regular,UnSecMov,RegUns,NBFC,1
2004,204001,1001,123,20220301,99991231,20240301,20231201,3,111000,-1.0,145000.0,0.0,0,S,O,4440.0,,,UnSec,Regular,UnSecMov,RegUns,NBFC,1
2004,204001,1001,123,20220301,99991231,20240301,20231101,4,108000,-1.0,145000.0,0.0,0,S,O,4320.0,,,UnSec,Regular,UnSecMov,RegUns,NBFC,1
2004,204001,1001,123,20220301,99991231,20240301,20231001,5,105000,-1.0,145000.0,0.0,0,S,O,4200.0,,,UnSec,Regular,UnSecMov,RegUns,NBFC,1
2004,204001,1001,123,20220301,99991231,20240301,20230901,6,102000,-1.0,145000.0,0.0,0,S,O,4080.0,,,UnSec,Regular,UnSecMov,RegUns,NBFC,1
2004,204001,1001,123,20220301,99991231,20240301,20230801,7,99000,-1.0,145000.0,0.0,0,S,O,3960.0,,,UnSec,Regular,UnSecMov,RegUns,NBFC,1
2004,204001,1001,123,20220301,99991231,20240301,20230701,8,96000,-1.0,145000.0,0.0,0,S,O,3840.0,,,UnSec,Regular,UnSecMov,RegUns,NBFC,1
2004,204001,1001,123,20220301,99991231,20240301,20230601,9,93000,-1.0,145000.0,0.0,0,S,O,3720.0,,,UnSec,Regular,UnSecMov,RegUns,NBFC,1
2004,204001,1001,123,20220301,99991231,20240301,20230501,10,90000,-1.0,145000.0,0.0,0,S,O,3600.0,,,UnSec,Regular,UnSecMov,RegUns,NBFC,1
2004,204001,1001,123,20220301,99991231,20240301,20230401,11,87000,-1.0,145000.0,0.0,0,S,O,3480.0,,,UnSec,Regular,UnSecMov,RegUns,NBFC,1
2004,204001,1001,123,20220301,99991231,20240301,20230301,12,84000,-1.0,145000.0,0.0,0,S,O,3360.0,,,UnSec,Regular,UnSecMov,RegUns,NBFC,1
2004,204001,1001,123,20220301,99991231,20240301,20230201,13,81000,-1.0,145000.0,0.0,0,S,O,3240.0,,,UnSec,Regular,UnSecMov,RegUns,NBFC,1
2004,204001,1001,123,20220301,99991231,20240301,20230101,14,78000,-1.0,145000.0,0.0,0,S,O,3120.0,,,UnSec,Regular,UnSecMov,RegUns,NBFC,1
2004,204001,1001,123,20220301,99991231,20240301,20221201,15,75000,-1.0,145000.0,0.0,0,S,O,3000.0,,,UnSec,Regular,UnSecMov,RegUns,NBFC,1
2004,204001,1001,123,20220301,99991231,20240301,20221101,16,72000,-1.0,145000.0,0.0,0,S,O,2880.0,,,UnSec,Regular,UnSecMov,RegUns,NBFC,1
2004,204001,1001,123,20220301,99991231,20240301,20221001,17,69000,-1.0,145000.0,0.0,0,S,O,2760.0,,,UnSec,Regular,UnSecMov,RegUns,NBFC,1
2004,204001,1001,123,20220301,99991231,20240301,20220901,18,66000,-1.0,145000.0,0.0,0,S,O,2640.0,,,UnSec,Regular,UnSecMov,RegUns,NBFC,1
2004,204001,1001,123,20220301,99991231,20240301,20220801,19,63000,-1.0,145000.0,0.0,0,S,O,2520.0,,,UnSec,Regular,UnSecMov,RegUns,NBFC,1
2004,204001,1001,123,20220301,99991231,20240301,20220701,20,60000,-1.0,145000.0,0.0,0,S,O,2400.0,,,UnSec,Regular,UnSecMov,RegUns,NBFC,1
2004,204001,1001,123,20220301,99991231,20240301,20220601,21,57000,-1.0,145000.0,0.0,0,S,O,2280.0,,,UnSec,Regular,UnSecMov,RegUns,NBFC,1
2004,204001,1001,123,20220301,99991231,20240301,20220501,22,54000,-1.0,145000.0,0.0,0,S,O,2160.0,,,UnSec,Regular,UnSecMov,RegUns,NBFC,1
2004,204001,1001,123,20220301,99991231,20240301,20220401,23,51000,-1.0,145000.0,0.0,0,S,O,2040.0,,,UnSec,Regular,UnSecMov,RegUns,NBFC,1
2004,204002,1001,123,20220301,99991231,20240301,20240301,0,120000,-1.0,145000.0,0.0,0,S,O,4800.0,,,UnSec,Regular,UnSecMov,RegUns,NBFC,1
2004,204002,1001,123,20220301,99991231,20240301,20240201,1,117000,-1.0,145000.0,0.0,0,S,O,4680.0,,,UnSec,Regular,UnSecMov,RegUns,NBFC,1
2004,204002,1001,123,20220301,99991231,20240301,20240101,2,114000,-1.0,145000.0,0.0,0,S,O,4560.0,,,UnSec,Regular,UnSecMov,RegUns,NBFC,1
2004,204002,1001,123,20220301,99991231,20240301,20231201,3,111000,-1.0,145000.0,0.0,0,S,O,4440.0,,,UnSec,Regular,UnSecMov,RegUns,NBFC,1
2004,204002,1001,123,20220301,99991231,20240301,20231101,4,108000,-1.0,145000.0,0.0,0,S,O,4320.0,,,UnSec,Regular,UnSecMov,RegUns,NBFC,1
2004,204002,1001,123,20220301,99991231,20240301,20231001,5,105000,-1.0,145000.0,0.0,0,S,O,4200.0,,,UnSec,Regular,UnSecMov,RegUns,NBFC,1
2004,204002,1001,123,20220301,99991231,20240301,20230901,6,102000,-1.0,145000.0,0.0,0,S,O,4080.0,,,UnSec,Regular,UnSecMov,RegUns,NBFC,1
2004,204002,1001,123,20220301,99991231,20240301,20230801,7,99000,-1.0,145000.0,0.0,0,S,O,3960.0,,,UnSec,Regular,UnSecMov,RegUns,NBFC,1
2004,204002,1001,123,20220301,99991231,20240301,20230701,8,96000,-1.0,145000.0,0.0,0,S,O,3840.0,,,UnSec,Regular,UnSecMov,RegUns,NBFC,1
2004,204002,1001,123,20220301,99991231,20240301,20230601,9,93000,-1.0,145000.0,0.0,0,S,O,3720.0,,,UnSec,Regular,UnSecMov,RegUns,NBFC,1
2004,204002,1001,123,20220301,99991231,20240301,20230501,10,90000,-1.0,145000.0,0.0,0,S,O,3600.0,,,UnSec,Regular,UnSecMov,RegUns,NBFC,1
2004,204002,1001,123,20220301,99991231,20240301,20230401,11,87000,-1.0,145000.0,0.0,0,S,O,3480.0,,,UnSec,Regular,UnSecMov,RegUns,NBFC,1
2004,204002,1001,123,20220301,99991231,20240301,20230301,12,84000,-1.0,145000.0,0.0,0,S,O,3360.0,,,UnSec,Regular,UnSecMov,RegUns,NBFC,1
2004,204002,1001,123,20220301,99991231,20240301,20230201,13,81000,-1.0,145000.0,0.0,0,S,O,3240.0,,,UnSec,Regular,UnSecMov,RegUns,NBFC,1
2004,204002,1001,123,20220301,99991231,20240301,20230101,14,78000,-1.0,145000.0,0.0,0,S,O,3120.0,,,UnSec,Regular,UnSecMov,RegUns,NBFC,1
2004,204002,1001,123,20220301,99991231,20240301,20221201,15,75000,-1.0,145000.0,0.0,0,S,O,3000.0,,,UnSec,Regular,UnSecMov,RegUns,NBFC,1
2004,204002,1001,123,20220301,99991231,20240301,20221101,16,72000,-1.0,145000.0,0.0,0,S,O,2880.0,,,UnSec,Regular,UnSecMov,RegUns,NBFC,1
2004,204002,1001,123,20220301,99991231,20240301,20221001,17,69000,-1.0,145000.0,0.0,0,S,O,2760.0,,,UnSec,Regular,UnSecMov,RegUns,NBFC,1
2004,204002,1001,123,20220301,99991231,20240301,20220901,18,66000,-1.0,145000.0,0.0,0,S,O,2640.0,,,UnSec,Regular,UnSecMov,RegUns,NBFC,1
2004,204002,1001,123,20220301,99991231,20240301,20220801,19,63000,-1.0,145000.0,0.0,0,S,O,2520.0,,,UnSec,Regular,UnSecMov,RegUns,NBFC,1
2004,204002,1001,123,20220301,99991231,20240301,20220701,20,60000,-1.0,145000.0,0.0,0,S,O,2400.0,,,UnSec,Regular,UnSecMov,RegUns,NBFC,1
2004,204002,1001,123,20220301,99991231,20240301,20220601,21,57000,-1.0,145000.0,0.0,0,S,O,2280.0,,,UnSec,Regular,UnSecMov,RegUns,NBFC,1
2004,204002,1001,123,20220301,99991231,20240301,20220501,22,54000,-1.0,145000.0,0.0,0,S,O,2160.0,,,UnSec,Regular,UnSecMov,RegUns,NBFC,1
2004,204002,1001,123,20220301,99991231,20240301,20220401,23,51000,-1.0,145000.0,0.0,0,S,O,2040.0,,,UnSec,Regular,UnSecMov,RegUns,NBFC,1
2004,204003,1001,123,20220301,99991231,20240301,20240301,0,120000,-1.0,145000.0,0.0,0,S,O,4800.0,,,UnSec,Regular,UnSecMov,RegUns,NBFC,1
2004,204003,1001,123,20220301,99991231,20240301,20240201,1,117000,-1.0,145000.0,0.0,0,S,O,4680.0,,,UnSec,Regular,UnSecMov,RegUns,NBFC,1
2004,204003,1001,123,20220301,99991231,20240301,20240101,2,114000,-1.0,145000.0,0.0,0,S,O,4560.0,,,UnSec,Regular,UnSecMov,RegUns,NBFC,1
2004,204003,1001,123,20220301,99991231,20240301,20231201,3,111000,-1.0,145000.0,0.0,0,S,O,4440.0,,,UnSec,Regular,UnSecMov,RegUns,NBFC,1
2004,204003,1001,123,20220301,99991231,20240301,20231101,4,108000,-1.0,145000.0,0.0,0,S,O,4320.0,,,UnSec,Regular,UnSecMov,RegUns,NBFC,1
2004,204003,1001,123,20220301,99991231,20240301,20231001,5,105000,-1.0,145000.0,0.0,0,S,O,4200.0,,,UnSec,Regular,UnSecMov,RegUns,NBFC,1
2004,204003,1001,123,20220301,99991231,20240301,20230901,6,102000,-1.0,145000.0,0.0,0,S,O,4080.0,,,UnSec,Regular,UnSecMov,RegUns,NBFC,1
2004,204003,1001,123,20220301,99991231,20240301,20230801,7,99000,-1.0,145000.0,0.0,0,S,O,3960.0,,,UnSec,Regular,UnSecMov,RegUns,NBFC,1
2004,204003,1001,123,20220301,99991231,20240301,20230701,8,96000,-1.0,145000.0,0.0,0,S,O,3840.0,,,UnSec,Regular,UnSecMov,RegUns,NBFC,1
2004,204003,1001,123,20220301,99991231,20240301,20230601,9,93000,-1.0,145000.0,0.0,0,S,O,3720.0,,,UnSec,Regular,UnSecMov,RegUns,NBFC,1
2004,204003,1001,123,20220301,99991231,20240301,20230501,10,90000,-1.0,145000.0,0.0,0,S,O,3600.0,,,UnSec,Regular,UnSecMov,RegUns,NBFC,1
2004,204003,1001,123,20220301,99991231,20240301,20230401,11,87000,-1.0,145000.0,0.0,0,S,O,3480.0,,,UnSec,Regular,UnSecMov,RegUns,NBFC,1
2004,204003,1001,123,20220301,99991231,20240301,20230301,12,84000,-1.0,145000.0,0.0,0,S,O,3360.0,,,UnSec,Regular,UnSecMov,RegUns,NBFC,1
2004,204003,1001,123,20220301,99991231,20240301,20230201,13,81000,-1.0,145000.0,0.0,0,S,O,3240.0,,,UnSec,Regular,UnSecMov,RegUns,NBFC,1
2004,204003,1001,123,20220301,99991231,20240301,20230101,14,78000,-1.0,145000.0,0.0,0,S,O,3120.0,,,UnSec,Regular,UnSecMov,RegUns,NBFC,1
2004,204003,1001,123,20220301,99991231,20240301,20221201,15,75000,-1.0,145000.0,0.0,0,S,O,3000.0,,,UnSec,Regular,UnSecMov,RegUns,NBFC,1
2004,204003,1001,123,20220301,99991231,20240301,20221101,16,72000,-1.0,145000.0,0.0,0,S,O,2880.0,,,UnSec,Regular,UnSecMov,RegUns,NBFC,1
2004,204003,1001,123,20220301,99991231,20240301,20221001,17,69000,-1.0,145000.0,0.0,0,S,O,2760.0,,,UnSec,Regular,UnSecMov,RegUns,NBFC,1
2004,204003,1001,123,20220301,99991231,20240301,20220901,18,66000,-1.0,145000.0,0.0,0,S,O,2640.0,,,UnSec,Regular,UnSecMov,RegUns,NBFC,1
2004,204003,1001,123,20220301,99991231,20240301,20220801,19,63000,-1.0,145000.0,0.0,0,S,O,2520.0,,,UnSec,Regular,UnSecMov,RegUns,NBFC,1
2004,204003,1001,123,20220301,99991231,20240301,20220701,20,60000,-1.0,145000.0,0.0,0,S,O,2400.0,,,UnSec,Regular,UnSecMov,RegUns,NBFC,1
2004,204003,1001,123,20220301,99991231,20240301,20220601,21,57000,-1.0,145000.0,0.0,0,S,O,2280.0,,,UnSec,Regular,UnSecMov,RegUns,NBFC,1
2004,204003,1001,123,20220301,99991231,20240301,20220501,22,54000,-1.0,145000.0,0.0,0,S,O,2160.0,,,UnSec,Regular,UnSecMov,RegUns,NBFC,1
2004,204003,1001,123,20220301,99991231,20240301,20220401,23,51000,-1.0,145000.0,0.0,0,S,O,2040.0,,,UnSec,Regular,UnSecMov,RegUns,NBFC,1
2004,204004,1001,123,20220301,99991231,20240301,20240301,0,120000,-1.0,145000.0,0.0,0,S,O,4800.0,,,UnSec,Regular,UnSecMov,RegUns,NBFC,1
2004,204004,1001,123,20220301,99991231,20240301,20240201,1,117000,-1.0,145000.0,0.0,0,S,O,4680.0,,,UnSec,Regular,UnSecMov,RegUns,NBFC,1
2004,204004,1001,123,20220301,99991231,20240301,20240101,2,114000,-1.0,145000.0,0.0,0,S,O,4560.0,,,UnSec,Regular,UnSecMov,RegUns,NBFC,1
2004,204004,1001,123,20220301,99991231,20240301,20231201,3,111000,-1.0,145000.0,0.0,0,S,O,4440.0,,,UnSec,Regular,UnSecMov,RegUns,NBFC,1
2004,204004,1001,123,20220301,99991231,20240301,20231101,4,108000,-1.0,145000.0,0.0,0,S,O,4320.0,,,UnSec,Regular,UnSecMov,RegUns,NBFC,1
2004,204004,1001,123,20220301,99991231,20240301,20231001,5,105000,-1.0,145000.0,0.0,0,S,O,4200.0,,,UnSec,Regular,UnSecMov,RegUns,NBFC,1
2004,204004,1001,123,20220301,99991231,20240301,20230901,6,102000,-1.0,145000.0,0.0,0,S,O,4080.0,,,UnSec,Regular,UnSecMov,RegUns,NBFC,1
2004,204004,1001,123,20220301,99991231,20240301,20230801,7,99000,-1.0,145000.0,0.0,0,S,O,3960.0,,,UnSec,Regular,UnSecMov,RegUns,NBFC,1
2004,204004,1001,123,20220301,99991231,20240301,20230701,8,96000,-1.0,145000.0,0.0,0,S,O,3840.0,,,UnSec,Regular,UnSecMov,RegUns,NBFC,1
2004,204004,1001,123,20220301,99991231,20240301,20230601,9,93000,-1.0,145000.0,0.0,0,S,O,3720.0,,,UnSec,Regular,UnSecMov,RegUns,NBFC,1
2004,204004,1001,123,20220301,99991231,20240301,20230501,10,90000,-1.0,145000.0,0.0,0,S,O,3600.0,,,UnSec,Regular,UnSecMov,RegUns,NBFC,1
2004,204004,1001,123,20220301,99991231,20240301,20230401,11,87000,-1.0,145000.0,0.0,0,S,O,3480.0,,,UnSec,Regular,UnSecMov,RegUns,NBFC,1
2004,204004,1001,123,20220301,99991231,20240301,20230301,12,84000,-1.0,145000.0,0.0,0,S,O,3360.0,,,UnSec,Regular,UnSecMov,RegUns,NBFC,1
2004,204004,1001,123,20220301,99991231,20240301,20230201,13,81000,-1.0,145000.0,0.0,0,S,O,3240.0,,,UnSec,Regular,UnSecMov,RegUns,NBFC,1
2004,204004,1001,123,20220301,99991231,20240301,20230101,14,78000,-1.0,145000.0,0.0,0,S,O,3120.0,,,UnSec,Regular,UnSecMov,RegUns,NBFC,1
2004,204004,1001,123,20220301,99991231,20240301,20221201,15,75000,-1.0,145000.0,0.0,0,S,O,3000.0,,,UnSec,Regular,UnSecMov,RegUns,NBFC,1
2004,204004,1001,123,20220301,99991231,20240301,20221101,16,72000,-1.0,145000.0,0.0,0,S,O,2880.0,,,UnSec,Regular,UnSecMov,RegUns,NBFC,1
2004,204004,1001,123,20220301,99991231,20240301,20221001,17,69000,-1.0,145000.0,0.0,0,S,O,2760.0,,,UnSec,Regular,UnSecMov,RegUns,NBFC,1
2004,204004,1001,123,20220301,99991231,20240301,20220901,18,66000,-1.0,145000.0,0.0,0,S,O,2640.0,,,UnSec,Regular,UnSecMov,RegUns,NBFC,1
2004,204004,1001,123,20220301,99991231,20240301,20220801,19,63000,-1.0,145000.0,0.0,0,S,O,2520.0,,,UnSec,Regular,UnSecMov,RegUns,NBFC,1
2004,204004,1001,123,20220301,99991231,20240301,20220701,20,60000,-1.0,145000.0,0.0,0,S,O,2400.0,,,UnSec,Regular,UnSecMov,RegUns,NBFC,1
2004,204004,1001,123,20220301,99991231,20240301,20220601,21,57000,-1.0,145000.0,0.0,0,S,O,2280.0,,,UnSec,Regular,UnSecMov,RegUns,NBFC,1
2004,204004,1001,123,20220301,99991231,20240301,20220501,22,54000,-1.0,145000.0,0.0,0,S,O,2160.0,,,UnSec,Regular,UnSecMov,RegUns,NBFC,1
2004,204004,1001,123,20220301,99991231,20240301,20220401,23,51000,-1.0,145000.0,0.0,0,S,O,2040.0,,,UnSec,Regular,UnSecMov,RegUns,NBFC,1
2004,204005,1001,123,20220301,99991231,20240301,20240301,0,120000,-1.0,145000.0,0.0,0,S,O,4800.0,,,UnSec,Regular,UnSecMov,RegUns,NBFC,1
2004,204005,1001,123,20220301,99991231,20240301,20240201,1,117000,-1.0,145000.0,0.0,0,S,O,4680.0,,,UnSec,Regular,UnSecMov,RegUns,NBFC,1
2004,204005,1001,123,20220301,99991231,20240301,20240101,2,114000,-1.0,145000.0,0.0,0,S,O,4560.0,,,UnSec,Regular,UnSecMov,RegUns,NBFC,1
2004,204005,1001,123,20220301,99991231,20240301,20231201,3,111000,-1.0,145000.0,0.0,0,S,O,4440.0,,,UnSec,Regular,UnSecMov,RegUns,NBFC,1
2004,204005,1001,123,20220301,99991231,20240301,20231101,4,108000,-1.0,145000.0,0.0,0,S,O,4320.0,,,UnSec,Regular,UnSecMov,RegUns,NBFC,1
2004,204005,1001,123,20220301,99991231,20240301,20231001,5,105000,-1.0,145000.0,0.0,0,S,O,4200.0,,,UnSec,Regular,UnSecMov,RegUns,NBFC,1
2004,204005,1001,123,20220301,99991231,20240301,20230901,6,102000,-1.0,145000.0,0.0,0,S,O,4080.0,,,UnSec,Regular,UnSecMov,RegUns,NBFC,1
2004,204005,1001,123,20220301,99991231,20240301,20230801,7,99000,-1.0,145000.0,0.0,0,S,O,3960.0,,,UnSec,Regular,UnSecMov,RegUns,NBFC,1
2004,204005,1001,123,20220301,99991231,20240301,20230701,8,96000,-1.0,145000.0,0.0,0,S,O,3840.0,,,UnSec,Regular,UnSecMov,RegUns,NBFC,1
2004,204005,1001,123,20220301,99991231,20240301,20230601,9,93000,-1.0,145000.0,0.0,0,S,O,3720.0,,,UnSec,Regular,UnSecMov,RegUns,NBFC,1
2004,204005,1001,123,20220301,99991231,20240301,20230501,10,90000,-1.0,145000.0,0.0,0,S,O,3600.0,,,UnSec,Regular,UnSecMov,RegUns,NBFC,1
2004,204005,1001,123,20220301,99991231,20240301,20230401,11,87000,-1.0,145000.0,0.0,0,S,O,3480.0,,,UnSec,Regular,UnSecMov,RegUns,NBFC,1
2004,204005,1001,123,20220301,99991231,20240301,20230301,12,84000,-1.0,145000.0,0.0,0,S,O,3360.0,,,UnSec,Regular,UnSecMov,RegUns,NBFC,1
2004,204005,1001,123,20220301,99991231,20240301,20230201,13,81000,-1.0,145000.0,0.0,0,S,O,3240.0,,,UnSec,Regular,UnSecMov,RegUns,NBFC,1
2004,204005,1001,123,20220301,99991231,20240301,20230101,14,78000,-1.0,145000.0,0.0,0,S,O,3120.0,,,UnSec,Regular,UnSecMov,RegUns,NBFC,1
2004,204005,1001,123,20220301,99991231,20240301,20221201,15,75000,-1.0,145000.0,0.0,0,S,O,3000.0,,,UnSec,Regular,UnSecMov,RegUns,NBFC,1
2004,204005,1001,123,20220301,99991231,20240301,20221101,16,72000,-1.0,145000.0,0.0,0,S,O,2880.0,,,UnSec,Regular,UnSecMov,RegUns,NBFC,1
2004,204005,1001,123,20220301,99991231,20240301,20221001,17,69000,-1.0,145000.0,0.0,0,S,O,2760.0,,,UnSec,Regular,UnSecMov,RegUns,NBFC,1
2004,204005,1001,123,20220301,99991231,20240301,20220901,18,66000,-1.0,145000.0,0.0,0,S,O,2640.0,,,UnSec,Regular,UnSecMov,RegUns,NBFC,1
2004,204005,1001,123,20220301,99991231,20240301,20220801,19,63000,-1.0,145000.0,0.0,0,S,O,2520.0,,,UnSec,Regular,UnSecMov,RegUns,NBFC,1
2004,204005,1001,123,20220301,99991231,20240301,20220701,20,60000,-1.0,145000.0,0.0,0,S,O,2400.0,,,UnSec,Regular,UnSecMov,RegUns,NBFC,1
2004,204005,1001,123,20220301,99991231,20240301,20220601,21,57000,-1.0,145000.0,0.0,0,S,O,2280.0,,,UnSec,Regular,UnSecMov,RegUns,NBFC,1
2004,204005,1001,123,20220301,99991231,20240301,20220501,22,54000,-1.0,145000.0,0.0,0,S,O,2160.0,,,UnSec,Regular,UnSecMov,RegUns,NBFC,1
2004,204005,1001,123,20220301,99991231,20240301,20220401,23,51000,-1.0,145000.0,0.0,0,S,O,2040.0,,,UnSec,Regular,UnSecMov,RegUns,NBFC,1
2004,204010,1001,123,20231101,99991231,20240301,20240301,0,100000,-1.0,100000.0,0.0,0,S,O,4000.0,,,UnSec,Regular,UnSecMov,RegUns,NBFC,1
2004,204010,1001,123,20231101,99991231,20240301,20240201,1,99000,-1.0,100000.0,0.0,0,S,O,3960.0,,,UnSec,Regular,UnSecMov,RegUns,NBFC,1
2004,204010,1001,123,20231101,99991231,20240301,20240101,2,98000,-1.0,100000.0,0.0,0,S,O,3920.0,,,UnSec,Regular,UnSecMov,RegUns,NBFC,1
2004,204010,1001,123,20231101,99991231,20240301,20231201,3,97000,-1.0,100000.0,0.0,0,S,O,3880.0,,,UnSec,Regular,UnSecMov,RegUns,NBFC,1
2004,204011,1001,123,20231101,99991231,20240301,20240301,0,100000,-1.0,100000.0,0.0,0,S,O,4000.0,,,UnSec,Regular,UnSecMov,RegUns,NBFC,1
2004,204011,1001,123,20231101,99991231,20240301,20240201,1,99000,-1.0,100000.0,0.0,0,S,O,3960.0,,,UnSec,Regular,UnSecMov,RegUns,NBFC,1
2004,204011,1001,123,20231101,99991231,20240301,20240101,2,98000,-1.0,100000.0,0.0,0,S,O,3920.0,,,UnSec,Regular,UnSecMov,RegUns,NBFC,1
2004,204011,1001,123,20231101,99991231,20240301,20231201,3,97000,-1.0,100000.0,0.0,0,S,O,3880.0,,,UnSec,Regular,UnSecMov,RegUns,NBFC,1
2004,204020,1001,123,20220301,99991231,20240301,20240301,0,90000,-1.0,100000.0,0.0,0,S,O,3600.0,,,UnSec,Regular,UnSecMov,RegUns,NBFC,1
2004,204020,1001,123,20220301,99991231,20240301,20240201,1,88000,-1.0,100000.0,0.0,0,S,O,3520.0,,,UnSec,Regular,UnSecMov,RegUns,NBFC,1
2004,204020,1001,123,20220301,99991231,20240301,20240101,2,86000,-1.0,100000.0,0.0,0,S,O,3440.0,,,UnSec,Regular,UnSecMov,RegUns,NBFC,1
2004,204020,1001,123,20220301,99991231,20240301,20231201,3,84000,-1.0,100000.0,0.0,0,S,O,3360.0,,,UnSec,Regular,UnSecMov,RegUns,NBFC,1
2004,204020,1001,123,20220301,99991231,20240301,20231101,4,82000,-1.0,100000.0,0.0,0,S,O,3280.0,,,UnSec,Regular,UnSecMov,RegUns,NBFC,1
2004,204020,1001,123,20220301,99991231,20240301,20231001,5,80000,-1.0,100000.0,0.0,0,S,O,3200.0,,,UnSec,Regular,UnSecMov,RegUns,NBFC,1
2004,204020,1001,123,20220301,99991231,20240301,20230901,6,78000,-1.0,100000.0,0.0,0,S,O,3120.0,,,UnSec,Regular,UnSecMov,RegUns,NBFC,1
2004,204020,1001,123,20220301,99991231,20240301,20230801,7,76000,-1.0,100000.0,0.0,0,S,O,3040.0,,,UnSec,Regular,UnSecMov,RegUns,NBFC,1
2004,204020,1001,123,20220301,99991231,20240301,20230701,8,74000,-1.0,100000.0,0.0,0,S,O,2960.0,,,UnSec,Regular,UnSecMov,RegUns,NBFC,1
2004,204020,1001,123,20220301,99991231,20240301,20230601,9,72000,-1.0,100000.0,0.0,0,S,O,2880.0,,,UnSec,Regular,UnSecMov,RegUns,NBFC,1
2004,204020,1001,123,20220301,99991231,20240301,20230501,10,70000,-1.0,100000.0,0.0,0,S,O,2800.0,,,UnSec,Regular,UnSecMov,RegUns,NBFC,1
2004,204020,1001,123,20220301,99991231,20240301,20230401,11,68000,-1.0,100000.0,0.0,0,S,O,2720.0,,,UnSec,Regular,UnSecMov,RegUns,NBFC,1
2004,204020,1001,123,20220301,99991231,20240301,20230301,12,66000,-1.0,100000.0,0.0,0,S,O,2640.0,,,UnSec,Regular,UnSecMov,RegUns,NBFC,1
2004,204020,1001,123,20220301,99991231,20240301,20230201,13,64000,-1.0,100000.0,0.0,0,S,O,2560.0,,,UnSec,Regular,UnSecMov,RegUns,NBFC,1
2004,204020,1001,123,20220301,99991231,20240301,20230101,14,62000,-1.0,100000.0,0.0,0,S,O,2480.0,,,UnSec,Regular,UnSecMov,RegUns,NBFC,1
2004,204020,1001,123,20220301,99991231,20240301,20221201,15,60000,-1.0,100000.0,0.0,0,S,O,2400.0,,,UnSec,Regular,UnSecMov,RegUns,NBFC,1
2004,204020,1001,123,20220301,99991231,20240301,20221101,16,58000,-1.0,100000.0,0.0,0,S,O,2320.0,,,UnSec,Regular,UnSecMov,RegUns,NBFC,1
2004,204020,1001,123,20220301,99991231,20240301,20221001,17,56000,-1.0,100000.0,0.0,0,S,O,2240.0,,,UnSec,Regular,UnSecMov,RegUns,NBFC,1
2004,204020,1001,123,20220301,99991231,20240301,20220901,18,54000,-1.0,100000.0,0.0,0,S,O,2160.0,,,UnSec,Regular,UnSecMov,RegUns,NBFC,1
2004,204020,1001,123,20220301,99991231,20240301,20220801,19,52000,-1.0,100000.0,0.0,0,S,O,2080.0,,,UnSec,Regular,UnSecMov,RegUns,NBFC,1
2004,204020,1001,123,20220301,99991231,20240301,20220701,20,50000,-1.0,100000.0,0.0,15,S,O,2000.0,,,UnSec,Regular,UnSecMov,RegUns,NBFC,1
2004,204020,1001,123,20220301,99991231,20240301,20220601,21,48000,-1.0,100000.0,0.0,0,S,O,1920.0,,,UnSec,Regular,UnSecMov,RegUns,NBFC,1
2004,204020,1001,123,20220301,99991231,20240301,20220501,22,46000,-1.0,100000.0,0.0,0,S,O,1840.0,,,UnSec,Regular,UnSecMov,RegUns,NBFC,1
2004,204020,1001,123,20220301,99991231,20240301,20220401,23,44000,-1.0,100000.0,0.0,0,S,O,1760.0,,,UnSec,Regular,UnSecMov,RegUns,NBFC,1
2005,205001,1001,123,20220301,99991231,20240301,20240301,0,350000,-1.0,400000.0,0.0,0,S,O,14000.0,,,UnSec,Regular,UnSecMov,RegUns,PVT,1
2005,205001,1001,123,20220301,99991231,20240301,20240201,1,342000,-1.0,400000.0,0.0,0,S,O,13680.0,,,UnSec,Regular,UnSecMov,RegUns,PVT,1
2005,205001,1001,123,20220301,99991231,20240301,20240101,2,334000,-1.0,400000.0,0.0,0,S,O,13360.0,,,UnSec,Regular,UnSecMov,RegUns,PVT,1
2005,205001,1001,123,20220301,99991231,20240301,20231201,3,326000,-1.0,400000.0,0.0,0,S,O,13040.0,,,UnSec,Regular,UnSecMov,RegUns,PVT,1
2005,205001,1001,123,20220301,99991231,20240301,20231101,4,318000,-1.0,400000.0,0.0,0,S,O,12720.0,,,UnSec,Regular,UnSecMov,RegUns,PVT,1
2005,205001,1001,123,20220301,99991231,20240301,20231001,5,310000,-1.0,400000.0,0.0,0,S,O,12400.0,,,UnSec,Regular,UnSecMov,RegUns,PVT,1
2005,205001,1001,123,20220301,99991231,20240301,20230901,6,302000,-1.0,400000.0,0.0,0,S,O,12080.0,,,UnSec,Regular,UnSecMov,RegUns,PVT,1
2005,205001,1001,123,20220301,99991231,20240301,20230801,7,294000,-1.0,400000.0,0.0,0,S,O,11760.0,,,UnSec,Regular,UnSecMov,RegUns,PVT,1
2005,205001,1001,123,20220301,99991231,20240301,20230701,8,286000,-1.0,400000.0,0.0,0,S,O,11440.0,,,UnSec,Regular,UnSecMov,RegUns,PVT,1
2005,205001,1001,123,20220301,99991231,20240301,20230601,9,278000,-1.0,400000.0,0.0,0,S,O,11120.0,,,UnSec,Regular,UnSecMov,RegUns,PVT,1
2005,205001,1001,123,20220301,99991231,20240301,20230501,10,270000,-1.0,400000.0,0.0,0,S,O,10800.0,,,UnSec,Regular,UnSecMov,RegUns,PVT,1
2005,205001,1001,123,20220301,99991231,20240301,20230401,11,262000,-1.0,400000.0,0.0,0,S,O,10480.0,,,UnSec,Regular,UnSecMov,RegUns,PVT,1
2005,205001,1001,123,20220301,99991231,20240301,20230301,12,254000,-1.0,400000.0,0.0,0,S,O,10160.0,,,UnSec,Regular,UnSecMov,RegUns,PVT,1
2005,205001,1001,123,20220301,99991231,20240301,20230201,13,246000,-1.0,400000.0,0.0,0,S,O,9840.0,,,UnSec,Regular,UnSecMov,RegUns,PVT,1
2005,205001,1001,123,20220301,99991231,20240301,20230101,14,238000,-1.0,400000.0,0.0,0,S,O,9520.0,,,UnSec,Regular,UnSecMov,RegUns,PVT,1
2005,205001,1001,123,20220301,99991231,20240301,20221201,15,230000,-1.0,400000.0,0.0,0,S,O,9200.0,,,UnSec,Regular,UnSecMov,RegUns,PVT,1
2005,205001,1001,123,20220301,99991231,20240301,20221101,16,222000,-1.0,400000.0,0.0,0,S,O,8880.0,,,UnSec,Regular,UnSecMov,RegUns,PVT,1
2005,205001,1001,123,20220301,99991231,20240301,20221001,17,214000,-1.0,400000.0,0.0,0,S,O,8560.0,,,UnSec,Regular,UnSecMov,RegUns,PVT,1
2005,205001,1001,123,20220301,99991231,20240301,20220901,18,206000,-1.0,400000.0,0.0,0,S,O,8240.0,,,UnSec,Regular,UnSecMov,RegUns,PVT,1
2005,205001,1001,123,20220301,99991231,20240301,20220801,19,198000,-1.0,400000.0,0.0,0,S,O,7920.0,,,UnSec,Regular,UnSecMov,RegUns,PVT,1
2005,205001,1001,123,20220301,99991231,20240301,20220701,20,190000,-1.0,400000.0,0.0,0,S,O,7600.0,,,UnSec,Regular,UnSecMov,RegUns,PVT,1
2005,205001,1001,123,20220301,99991231,20240301,20220601,21,182000,-1.0,400000.0,0.0,0,S,O,7280.0,,,UnSec,Regular,UnSecMov,RegUns,PVT,1
2005,205001,1001,123,20220301,99991231,20240301,20220501,22,174000,-1.0,400000.0,0.0,0,S,O,6960.0,,,UnSec,Regular,UnSecMov,RegUns,PVT,1
2005,205001,1001,123,20220301,99991231,20240301,20220401,23,166000,-1.0,400000.0,0.0,0,S,O,6640.0,,,UnSec,Regular,UnSecMov,RegUns,PVT,1
2006,206001,1001,123,20221001,99991231,20240301,20240301,0,280000,-1.0,310000.0,0.0,0,S,O,11200.0,,,UnSec,Regular,UnSecMov,RegUns,SFB,1
2006,206001,1001,123,20221001,99991231,20240301,20240201,1,271000,-1.0,310000.0,0.0,0,S,O,10840.0,,,UnSec,Regular,UnSecMov,RegUns,SFB,1
2006,206001,1001,123,20221001,99991231,20240301,20240101,2,262000,-1.0,310000.0,0.0,0,S,O,10480.0,,,UnSec,Regular,UnSecMov,RegUns,SFB,1
2006,206001,1001,123,20221001,99991231,20240301,20231201,3,253000,-1.0,310000.0,0.0,0,S,O,10120.0,,,UnSec,Regular,UnSecMov,RegUns,SFB,1
2006,206001,1001,123,20221001,99991231,20240301,20231101,4,244000,-1.0,310000.0,0.0,0,S,O,9760.0,,,UnSec,Regular,UnSecMov,RegUns,SFB,1
2006,206001,1001,123,20221001,99991231,20240301,20231001,5,235000,-1.0,310000.0,0.0,0,S,O,9400.0,,,UnSec,Regular,UnSecMov,RegUns,SFB,1
2006,206001,1001,123,20221001,99991231,20240301,20230901,6,226000,-1.0,310000.0,0.0,0,S,O,9040.0,,,UnSec,Regular,UnSecMov,RegUns,SFB,1
2006,206001,1001,123,20221001,99991231,20240301,20230801,7,217000,-1.0,310000.0,0.0,0,S,O,8680.0,,,UnSec,Regular,UnSecMov,RegUns,SFB,1
2006,206001,1001,123,20221001,99991231,20240301,20230701,8,208000,-1.0,310000.0,0.0,0,S,O,8320.0,,,UnSec,Regular,UnSecMov,RegUns,SFB,1
2006,206001,1001,123,20221001,99991231,20240301,20230601,9,199000,-1.0,310000.0,0.0,0,S,O,7960.0,,,UnSec,Regular,UnSecMov,RegUns,SFB,1
2006,206001,1001,123,20221001,99991231,20240301,20230501,10,190000,-1.0,310000.0,0.0,0,S,O,7600.0,,,UnSec,Regular,UnSecMov,RegUns,SFB,1
2006,206001,1001,123,20221001,99991231,20240301,20230401,11,181000,-1.0,310000.0,0.0,0,S,O,7240.0,,,UnSec,Regular,UnSecMov,RegUns,SFB,1
2006,206001,1001,123,20221001,99991231,20240301,20230301,12,172000,-1.0,310000.0,0.0,0,S,O,6880.0,,,UnSec,Regular,UnSecMov,RegUns,SFB,1
2006,206001,1001,123,20221001,99991231,20240301,20230201,13,163000,-1.0,310000.0,0.0,0,S,O,6520.0,,,UnSec,Regular,UnSecMov,RegUns,SFB,1
2006,206001,1001,123,20221001,99991231,20240301,20230101,14,154000,-1.0,310000.0,0.0,25,S,O,6160.0,,,UnSec,Regular,UnSecMov,RegUns,SFB,1
2006,206001,1001,123,20221001,99991231,20240301,20221201,15,145000,-1.0,310000.0,0.0,0,S,O,5800.0,,,UnSec,Regular,UnSecMov,RegUns,SFB,1
2007,207001,1001,167,20210901,99991231,20240301,20240301,0,90000,-1.0,120000.0,0.0,0,S,O,3600.0,,,Sec,AgriPSL,SecMov,RegSec,PSB,1
2007,207001,1001,167,20210901,99991231,20240301,20240201,1,88000,-1.0,120000.0,0.0,0,S,O,3520.0,,,Sec,AgriPSL,SecMov,RegSec,PSB,1
2007,207001,1001,167,20210901,99991231,20240301,20240101,2,86000,-1.0,120000.0,0.0,0,S,O,3440.0,,,Sec,AgriPSL,SecMov,RegSec,PSB,1
2007,207001,1001,167,20210901,99991231,20240301,20231201,3,84000,-1.0,120000.0,0.0,0,S,O,3360.0,,,Sec,AgriPSL,SecMov,RegSec,PSB,1
2007,207001,1001,167,20210901,99991231,20240301,20231101,4,82000,-1.0,120000.0,0.0,0,S,O,3280.0,,,Sec,AgriPSL,SecMov,RegSec,PSB,1
2007,207001,1001,167,20210901,99991231,20240301,20231001,5,80000,-1.0,120000.0,0.0,0,S,O,3200.0,,,Sec,AgriPSL,SecMov,RegSec,PSB,1
2007,207001,1001,167,20210901,99991231,20240301,20230901,6,78000,-1.0,120000.0,0.0,0,S,O,3120.0,,,Sec,AgriPSL,SecMov,RegSec,PSB,1
2007,207001,1001,167,20210901,99991231,20240301,20230801,7,76000,-1.0,120000.0,0.0,0,S,O,3040.0,,,Sec,AgriPSL,SecMov,RegSec,PSB,1
2007,207001,1001,167,20210901,99991231,20240301,20230701,8,74000,-1.0,120000.0,0.0,0,S,O,2960.0,,,Sec,AgriPSL,SecMov,RegSec,PSB,1
2007,207001,1001,167,20210901,99991231,20240301,20230601,9,72000,-1.0,120000.0,0.0,0,S,O,2880.0,,,Sec,AgriPSL,SecMov,RegSec,PSB,1
2007,207001,1001,167,20210901,99991231,20240301,20230501,10,70000,-1.0,120000.0,0.0,0,S,O,2800.0,,,Sec,AgriPSL,SecMov,RegSec,PSB,1
2007,207001,1001,167,20210901,99991231,20240301,20230401,11,68000,-1.0,120000.0,0.0,0,S,O,2720.0,,,Sec,AgriPSL,SecMov,RegSec,PSB,1
2007,207001,1001,167,20210901,99991231,20240301,20230301,12,66000,-1.0,120000.0,0.0,0,S,O,2640.0,,,Sec,AgriPSL,SecMov,RegSec,PSB,1
2007,207001,1001,167,20210901,99991231,20240301,20230201,13,64000,-1.0,120000.0,0.0,0,S,O,2560.0,,,Sec,AgriPSL,SecMov,RegSec,PSB,1
2007,207001,1001,167,20210901,99991231,20240301,20230101,14,62000,-1.0,120000.0,0.0,0,S,O,2480.0,,,Sec,AgriPSL,SecMov,RegSec,PSB,1
2007,207001,1001,167,20210901,99991231,20240301,20221201,15,60000,-1.0,120000.0,0.0,0,S,O,2400.0,,,Sec,AgriPSL,SecMov,RegSec,PSB,1
2007,207001,1001,167,20210901,99991231,20240301,20221101,16,58000,-1.0,120000.0,0.0,0,S,O,2320.0,,,Sec,AgriPSL,SecMov,RegSec,PSB,1
2007,207001,1001,167,20210901,99991231,20240301,20221001,17,56000,-1.0,120000.0,0.0,0,S,O,2240.0,,,Sec,AgriPSL,SecMov,RegSec,PSB,1
2007,207001,1001,167,20210901,99991231,20240301,20220901,18,54000,-1.0,120000.0,0.0,0,S,O,2160.0,,,Sec,AgriPSL,SecMov,RegSec,PSB,1
2007,207001,1001,167,20210901,99991231,20240301,20220801,19,52000,-1.0,120000.0,0.0,0,S,O,2080.0,,,Sec,AgriPSL,SecMov,RegSec,PSB,1
2007,207001,1001,167,20210901,99991231,20240301,20220701,20,50000,-1.0,120000.0,0.0,0,S,O,2000.0,,,Sec,AgriPSL,SecMov,RegSec,PSB,1
2007,207001,1001,167,20210901,99991231,20240301,20220601,21,48000,-1.0,120000.0,0.0,0,S,O,1920.0,,,Sec,AgriPSL,SecMov,RegSec,PSB,1
2007,207001,1001,167,20210901,99991231,20240301,20220501,22,46000,-1.0,120000.0,0.0,0,S,O,1840.0,,,Sec,AgriPSL,SecMov,RegSec,PSB,1
2007,207001,1001,167,20210901,99991231,20240301,20220401,23,44000,-1.0,120000.0,0.0,0,S,O,1760.0,,,Sec,AgriPSL,SecMov,RegSec,PSB,1
2007,207001,1001,167,20210901,99991231,20240301,20220301,24,42000,-1.0,120000.0,0.0,0,S,O,1680.0,,,Sec,AgriPSL,SecMov,RegSec,PSB,1
2007,207001,1001,167,20210901,99991231,20240301,20220201,25,40000,-1.0,120000.0,0.0,0,S,O,1600.0,,,Sec,AgriPSL,SecMov,RegSec,PSB,1
2007,207001,1001,167,20210901,99991231,20240301,20220101,26,38000,-1.0,120000.0,0.0,0,S,O,1520.0,,,Sec,AgriPSL,SecMov,RegSec,PSB,1
2007,207001,1001,167,20210901,99991231,20240301,20211201,27,36000,-1.0,120000.0,0.0,0,S,O,1440.0,,,Sec,AgriPSL,SecMov,RegSec,PSB,1
2007,207001,1001,167,20210901,99991231,20240301,20211101,28,34000,-1.0,120000.0,0.0,0,S,O,1360.0,,,Sec,AgriPSL,SecMov,RegSec,PSB,1
2007,207001,1001,167,20210901,99991231,20240301,20211001,29,32000,-1.0,120000.0,0.0,0,S,O,1280.0,,,Sec,AgriPSL,SecMov,RegSec,PSB,1
2007,207002,1001,167,20210901,99991231,20240301,20240301,0,70000,-1.0,100000.0,0.0,0,S,O,2800.0,,,Sec,AgriPSL,SecMov,RegSec,PSB,1
2007,207002,1001,167,20210901,99991231,20240301,20240201,1,68500,-1.0,100000.0,0.0,0,S,O,2740.0,,,Sec,AgriPSL,SecMov,RegSec,PSB,1
2007,207002,1001,167,20210901,99991231,20240301,20240101,2,67000,-1.0,100000.0,0.0,0,S,O,2680.0,,,Sec,AgriPSL,SecMov,RegSec,PSB,1
2007,207002,1001,167,20210901,99991231,20240301,20231201,3,65500,-1.0,100000.0,0.0,0,S,O,2620.0,,,Sec,AgriPSL,SecMov,RegSec,PSB,1
2007,207002,1001,167,20210901,99991231,20240301,20231101,4,64000,-1.0,100000.0,0.0,0,S,O,2560.0,,,Sec,AgriPSL,SecMov,RegSec,PSB,1
2007,207002,1001,167,20210901,99991231,20240301,20231001,5,62500,-1.0,100000.0,0.0,0,S,O,2500.0,,,Sec,AgriPSL,SecMov,RegSec,PSB,1
2007,207002,1001,167,20210901,99991231,20240301,20230901,6,61000,-1.0,100000.0,0.0,0,S,O,2440.0,,,Sec,AgriPSL,SecMov,RegSec,PSB,1
2007,207002,1001,167,20210901,99991231,20240301,20230801,7,59500,-1.0,100000.0,0.0,0,S,O,2380.0,,,Sec,AgriPSL,SecMov,RegSec,PSB,1
2007,207002,1001,167,20210901,99991231,20240301,20230701,8,58000,-1.0,100000.0,0.0,0,S,O,2320.0,,,Sec,AgriPSL,SecMov,RegSec,PSB,1
2007,207002,1001,167,20210901,99991231,20240301,20230601,9,56500,-1.0,100000.0,0.0,0,S,O,2260.0,,,Sec,AgriPSL,SecMov,RegSec,PSB,1
2007,207002,1001,167,20210901,99991231,20240301,20230501,10,55000,-1.0,100000.0,0.0,0,S,O,2200.0,,,Sec,AgriPSL,SecMov,RegSec,PSB,1
2007,207002,1001,167,20210901,99991231,20240301,20230401,11,53500,-1.0,100000.0,0.0,0,S,O,2140.0,,,Sec,AgriPSL,SecMov,RegSec,PSB,1
2007,207002,1001,167,20210901,99991231,20240301,20230301,12,52000,-1.0,100000.0,0.0,0,S,O,2080.0,,,Sec,AgriPSL,SecMov,RegSec,PSB,1
2007,207002,1001,167,20210901,99991231,20240301,20230201,13,50500,-1.0,100000.0,0.0,0,S,O,2020.0,,,Sec,AgriPSL,SecMov,RegSec,PSB,1
2007,207002,1001,167,20210901,99991231,20240301,20230101,14,49000,-1.0,100000.0,0.0,0,S,O,1960.0,,,Sec,AgriPSL,SecMov,RegSec,PSB,1
2007,207002,1001,167,20210901,99991231,20240301,20221201,15,47500,-1.0,100000.0,0.0,0,S,O,1900.0,,,Sec,AgriPSL,SecMov,RegSec,PSB,1
2007,207002,1001,167,20210901,99991231,20240301,20221101,16,46000,-1.0,100000.0,0.0,0,S,O,1840.0,,,Sec,AgriPSL,SecMov,RegSec,PSB,1
2007,207002,1001,167,20210901,99991231,20240301,20221001,17,44500,-1.0,100000.0,0.0,0,S,O,1780.0,,,Sec,AgriPSL,SecMov,RegSec,PSB,1
2007,207002,1001,167,20210901,99991231,20240301,20220901,18,43000,-1.0,100000.0,0.0,0,S,O,1720.0,,,Sec,AgriPSL,SecMov,RegSec,PSB,1
2007,207002,1001,167,20210901,99991231,20240301,20220801,19,41500,-1.0,100000.0,0.0,0,S,O,1660.0,,,Sec,AgriPSL,SecMov,RegSec,PSB,1
2007,207002,1001,167,20210901,99991231,20240301,20220701,20,40000,-1.0,100000.0,0.0,0,S,O,1600.0,,,Sec,AgriPSL,SecMov,RegSec,PSB,1
2007,207002,1001,167,20210901,99991231,20240301,20220601,21,38500,-1.0,100000.0,0.0,0,S,O,1540.0,,,Sec,AgriPSL,SecMov,RegSec,PSB,1
2007,207002,1001,167,20210901,99991231,20240301,20220501,22,37000,-1.0,100000.0,0.0,0,S,O,1480.0,,,Sec,AgriPSL,SecMov,RegSec,PSB,1
2007,207002,1001,167,20210901,99991231,20240301,20220401,23,35500,-1.0,100000.0,0.0,0,S,O,1420.0,,,Sec,AgriPSL,SecMov,RegSec,PSB,1
2007,207002,1001,167,20210901,99991231,20240301,20220301,24,34000,-1.0,100000.0,0.0,0,S,O,1360.0,,,Sec,AgriPSL,SecMov,RegSec,PSB,1
2007,207002,1001,167,20210901,99991231,20240301,20220201,25,32500,-1.0,100000.0,0.0,0,S,O,1300.0,,,Sec,AgriPSL,SecMov,RegSec,PSB,1
2007,207002,1001,167,20210901,99991231,20240301,20220101,26,31000,-1.0,100000.0,0.0,0,S,O,1240.0,,,Sec,AgriPSL,SecMov,RegSec,PSB,1
2007,207002,1001,167,20210901,99991231,20240301,20211201,27,29500,-1.0,100000.0,0.0,0,S,O,1180.0,,,Sec,AgriPSL,SecMov,RegSec,PSB,1
2007,207002,1001,167,20210901,99991231,20240301,20211101,28,28000,-1.0,100000.0,0.0,0,S,O,1120.0,,,Sec,AgriPSL,SecMov,RegSec,PSB,1
2007,207002,1001,167,20210901,99991231,20240301,20211001,29,26500,-1.0,100000.0,0.0,0,S,O,1060.0,,,Sec,AgriPSL,SecMov,RegSec,PSB,1
2008,208001,1001,167,20230101,99991231,20240301,20240301,0,75000,-1.0,100000.0,0.0,0,S,O,3000.0,,,Sec,AgriPSL,SecMov,RegSec,PSB,1
2008,208001,1001,167,20230101,99991231,20240301,20240201,1,72500,-1.0,100000.0,0.0,0,S,O,2900.0,,,Sec,AgriPSL,SecMov,RegSec,PSB,1
2008,208001,1001,167,20230101,99991231,20240301,20240101,2,70000,-1.0,100000.0,0.0,0,S,O,2800.0,,,Sec,AgriPSL,SecMov,RegSec,PSB,1
2008,208001,1001,167,20230101,99991231,20240301,20231201,3,67500,-1.0,100000.0,0.0,0,S,O,2700.0,,,Sec,AgriPSL,SecMov,RegSec,PSB,1
2008,208001,1001,167,20230101,99991231,20240301,20231101,4,65000,-1.0,100000.0,0.0,0,S,O,2600.0,,,Sec,AgriPSL,SecMov,RegSec,PSB,1
2008,208001,1001,167,20230101,99991231,20240301,20231001,5,62500,-1.0,100000.0,0.0,0,S,O,2500.0,,,Sec,AgriPSL,SecMov,RegSec,PSB,1
2008,208001,1001,167,20230101,99991231,20240301,20230901,6,60000,-1.0,100000.0,0.0,0,S,O,2400.0,,,Sec,AgriPSL,SecMov,RegSec,PSB,1
2008,208001,1001,167,20230101,99991231,20240301,20230801,7,57500,-1.0,100000.0,0.0,0,S,O,2300.0,,,Sec,AgriPSL,SecMov,RegSec,PSB,1
2008,208001,1001,167,20230101,99991231,20240301,20230701,8,55000,-1.0,100000.0,0.0,0,S,O,2200.0,,,Sec,AgriPSL,SecMov,RegSec,PSB,1
2008,208001,1001,167,20230101,99991231,20240301,20230601,9,52500,-1.0,100000.0,0.0,0,S,O,2100.0,,,Sec,AgriPSL,SecMov,RegSec,PSB,1
2008,208001,1001,167,20230101,99991231,20240301,20230501,10,50000,-1.0,100000.0,0.0,0,S,O,2000.0,,,Sec,AgriPSL,SecMov,RegSec,PSB,1
2008,208001,1001,167,20230101,99991231,20240301,20230401,11,47500,-1.0,100000.0,0.0,0,S,O,1900.0,,,Sec,AgriPSL,SecMov,RegSec,PSB,1
2008,208001,1001,167,20230101,99991231,20240301,20230301,12,45000,-1.0,100000.0,0.0,0,S,O,1800.0,,,Sec,AgriPSL,SecMov,RegSec,PSB,1
2008,208001,1001,167,20230101,99991231,20240301,20230201,13,42500,-1.0,100000.0,0.0,0,S,O,1700.0,,,Sec,AgriPSL,SecMov,RegSec,PSB,1
2008,208001,1001,167,20230101,99991231,20240301,20230101,14,40000,-1.0,100000.0,0.0,0,S,O,1600.0,,,Sec,AgriPSL,SecMov,RegSec,PSB,1
2008,208002,1001,123,20230101,99991231,20240301,20240301,0,60000,-1.0,80000.0,0.0,0,S,O,2400.0,,,UnSec,Regular,UnSecMov,RegUns,NBFC,1
2008,208002,1001,123,20230101,99991231,20240301,20240201,1,58000,-1.0,80000.0,0.0,0,S,O,2320.0,,,UnSec,Regular,UnSecMov,RegUns,NBFC,1
2008,208002,1001,123,20230101,99991231,20240301,20240101,2,56000,-1.0,80000.0,0.0,0,S,O,2240.0,,,UnSec,Regular,UnSecMov,RegUns,NBFC,1
2008,208002,1001,123,20230101,99991231,20240301,20231201,3,54000,-1.0,80000.0,0.0,0,S,O,2160.0,,,UnSec,Regular,UnSecMov,RegUns,NBFC,1
2008,208002,1001,123,20230101,99991231,20240301,20231101,4,52000,-1.0,80000.0,0.0,0,S,O,2080.0,,,UnSec,Regular,UnSecMov,RegUns,NBFC,1
2008,208002,1001,123,20230101,99991231,20240301,20231001,5,50000,-1.0,80000.0,0.0,0,S,O,2000.0,,,UnSec,Regular,UnSecMov,RegUns,NBFC,1
2008,208002,1001,123,20230101,99991231,20240301,20230901,6,48000,-1.0,80000.0,0.0,0,S,O,1920.0,,,UnSec,Regular,UnSecMov,RegUns,NBFC,1
2008,208002,1001,123,20230101,99991231,20240301,20230801,7,46000,-1.0,80000.0,0.0,0,S,O,1840.0,,,UnSec,Regular,UnSecMov,RegUns,NBFC,1
2008,208002,1001,123,20230101,99991231,20240301,20230701,8,44000,-1.0,80000.0,0.0,0,S,O,1760.0,,,UnSec,Regular,UnSecMov,RegUns,NBFC,1
2008,208002,1001,123,20230101,99991231,20240301,20230601,9,42000,-1.0,80000.0,0.0,0,S,O,1680.0,,,UnSec,Regular,UnSecMov,RegUns,NBFC,1
2008,208002,1001,123,20230101,99991231,20240301,20230501,10,40000,-1.0,80000.0,0.0,0,S,O,1600.0,,,UnSec,Regular,UnSecMov,RegUns,NBFC,1
2008,208002,1001,123,20230101,99991231,20240301,20230401,11,38000,-1.0,80000.0,0.0,0,S,O,1520.0,,,UnSec,Regular,UnSecMov,RegUns,NBFC,1
2008,208002,1001,123,20230101,99991231,20240301,20230301,12,36000,-1.0,80000.0,0.0,0,S,O,1440.0,,,UnSec,Regular,UnSecMov,RegUns,NBFC,1
2008,208002,1001,123,20230101,99991231,20240301,20230201,13,34000,-1.0,80000.0,0.0,20,S,O,1360.0,,,UnSec,Regular,UnSecMov,RegUns,NBFC,1
2008,208002,1001,123,20230101,99991231,20240301,20230101,14,32000,-1.0,80000.0,0.0,0,S,O,1280.0,,,UnSec,Regular,UnSecMov,RegUns,NBFC,1
2009,209001,1001,123,20220301,99991231,20240301,20240301,0,220000,-1.0,280000.0,0.0,0,S,O,8800.0,,,UnSec,Regular,UnSecMov,RegUns,SFB,1
2009,209001,1001,123,20220301,99991231,20240301,20240201,1,215000,-1.0,280000.0,0.0,0,S,O,8600.0,,,UnSec,Regular,UnSecMov,RegUns,SFB,1
2009,209001,1001,123,20220301,99991231,20240301,20240101,2,210000,-1.0,280000.0,0.0,0,S,O,8400.0,,,UnSec,Regular,UnSecMov,RegUns,SFB,1
2009,209001,1001,123,20220301,99991231,20240301,20231201,3,205000,-1.0,280000.0,0.0,0,S,O,8200.0,,,UnSec,Regular,UnSecMov,RegUns,SFB,1
2009,209001,1001,123,20220301,99991231,20240301,20231101,4,200000,-1.0,280000.0,0.0,0,S,O,8000.0,,,UnSec,Regular,UnSecMov,RegUns,SFB,1
2009,209001,1001,123,20220301,99991231,20240301,20231001,5,195000,-1.0,280000.0,0.0,40,S,O,7800.0,,,UnSec,Regular,UnSecMov,RegUns,SFB,1
2009,209001,1001,123,20220301,99991231,20240301,20230901,6,190000,-1.0,280000.0,0.0,0,S,O,7600.0,,,UnSec,Regular,UnSecMov,RegUns,SFB,1
2009,209001,1001,123,20220301,99991231,20240301,20230801,7,185000,-1.0,280000.0,0.0,0,S,O,7400.0,,,UnSec,Regular,UnSecMov,RegUns,SFB,1
2009,209001,1001,123,20220301,99991231,20240301,20230701,8,180000,-1.0,280000.0,0.0,0,S,O,7200.0,,,UnSec,Regular,UnSecMov,RegUns,SFB,1
2009,209001,1001,123,20220301,99991231,20240301,20230601,9,175000,-1.0,280000.0,0.0,0,S,O,7000.0,,,UnSec,Regular,UnSecMov,RegUns,SFB,1
2009,209001,1001,123,20220301,99991231,20240301,20230501,10,170000,-1.0,280000.0,0.0,0,S,O,6800.0,,,UnSec,Regular,UnSecMov,RegUns,SFB,1
2009,209001,1001,123,20220301,99991231,20240301,20230401,11,165000,-1.0,280000.0,0.0,0,S,O,6600.0,,,UnSec,Regular,UnSecMov,RegUns,SFB,1
2009,209001,1001,123,20220301,99991231,20240301,20230301,12,160000,-1.0,280000.0,0.0,0,S,O,6400.0,,,UnSec,Regular,UnSecMov,RegUns,SFB,1
2009,209001,1001,123,20220301,99991231,20240301,20230201,13,155000,-1.0,280000.0,0.0,0,S,O,6200.0,,,UnSec,Regular,UnSecMov,RegUns,SFB,1
2009,209001,1001,123,20220301,99991231,20240301,20230101,14,150000,-1.0,280000.0,0.0,0,S,O,6000.0,,,UnSec,Regular,UnSecMov,RegUns,SFB,1
2009,209001,1001,123,20220301,99991231,20240301,20221201,15,145000,-1.0,280000.0,0.0,0,S,O,5800.0,,,UnSec,Regular,UnSecMov,RegUns,SFB,1
2009,209001,1001,123,20220301,99991231,20240301,20221101,16,140000,-1.0,280000.0,0.0,0,S,O,5600.0,,,UnSec,Regular,UnSecMov,RegUns,SFB,1
2009,209001,1001,123,20220301,99991231,20240301,20221001,17,135000,-1.0,280000.0,0.0,0,S,O,5400.0,,,UnSec,Regular,UnSecMov,RegUns,SFB,1
2009,209001,1001,123,20220301,99991231,20240301,20220901,18,130000,-1.0,280000.0,0.0,0,S,O,5200.0,,,UnSec,Regular,UnSecMov,RegUns,SFB,1
2009,209001,1001,123,20220301,99991231,20240301,20220801,19,125000,-1.0,280000.0,0.0,0,S,O,5000.0,,,UnSec,Regular,UnSecMov,RegUns,SFB,1
2009,209001,1001,123,20220301,99991231,20240301,20220701,20,120000,-1.0,280000.0,0.0,0,S,O,4800.0,,,UnSec,Regular,UnSecMov,RegUns,SFB,1
2009,209001,1001,123,20220301,99991231,20240301,20220601,21,115000,-1.0,280000.0,0.0,0,S,O,4600.0,,,UnSec,Regular,UnSecMov,RegUns,SFB,1
2009,209001,1001,123,20220301,99991231,20240301,20220501,22,110000,-1.0,280000.0,0.0,0,S,O,4400.0,,,UnSec,Regular,UnSecMov,RegUns,SFB,1
2009,209001,1001,123,20220301,99991231,20240301,20220401,23,105000,-1.0,280000.0,0.0,0,S,O,4200.0,,,UnSec,Regular,UnSecMov,RegUns,SFB,1
2009,209002,1001,130,20220701,99991231,20240301,20240301,0,100000,-1.0,130000.0,0.0,0,S,O,4000.0,,,UnSec,Regular,UnSecMov,RegUns,PVT,1
2009,209002,1001,130,20220701,99991231,20240301,20240201,1,97000,-1.0,130000.0,0.0,0,S,O,3880.0,,,UnSec,Regular,UnSecMov,RegUns,PVT,1
2009,209002,1001,130,20220701,99991231,20240301,20240101,2,94000,-1.0,130000.0,0.0,0,S,O,3760.0,,,UnSec,Regular,UnSecMov,RegUns,PVT,1
2009,209002,1001,130,20220701,99991231,20240301,20231201,3,91000,-1.0,130000.0,0.0,0,S,O,3640.0,,,UnSec,Regular,UnSecMov,RegUns,PVT,1
2009,209002,1001,130,20220701,99991231,20240301,20231101,4,88000,-1.0,130000.0,0.0,0,S,O,3520.0,,,UnSec,Regular,UnSecMov,RegUns,PVT,1
2009,209002,1001,130,20220701,99991231,20240301,20231001,5,85000,-1.0,130000.0,0.0,0,S,O,3400.0,,,UnSec,Regular,UnSecMov,RegUns,PVT,1
2009,209002,1001,130,20220701,99991231,20240301,20230901,6,82000,-1.0,130000.0,0.0,0,S,O,3280.0,,,UnSec,Regular,UnSecMov,RegUns,PVT,1
2009,209002,1001,130,20220701,99991231,20240301,20230801,7,79000,-1.0,130000.0,0.0,0,S,O,3160.0,,,UnSec,Regular,UnSecMov,RegUns,PVT,1
2009,209002,1001,130,20220701,99991231,20240301,20230701,8,76000,-1.0,130000.0,0.0,0,S,O,3040.0,,,UnSec,Regular,UnSecMov,RegUns,PVT,1
2009,209002,1001,130,20220701,99991231,20240301,20230601,9,73000,-1.0,130000.0,0.0,0,S,O,2920.0,,,UnSec,Regular,UnSecMov,RegUns,PVT,1
2009,209002,1001,130,20220701,99991231,20240301,20230501,10,70000,-1.0,130000.0,0.0,0,S,O,2800.0,,,UnSec,Regular,UnSecMov,RegUns,PVT,1
2009,209002,1001,130,20220701,99991231,20240301,20230401,11,67000,-1.0,130000.0,0.0,0,S,O,2680.0,,,UnSec,Regular,UnSecMov,RegUns,PVT,1
2009,209002,1001,130,20220701,99991231,20240301,20230301,12,64000,-1.0,130000.0,0.0,0,S,O,2560.0,,,UnSec,Regular,UnSecMov,RegUns,PVT,1
2009,209002,1001,130,20220701,99991231,20240301,20230201,13,61000,-1.0,130000.0,0.0,0,S,O,2440.0,,,UnSec,Regular,UnSecMov,RegUns,PVT,1
2009,209002,1001,130,20220701,99991231,20240301,20230101,14,58000,-1.0,130000.0,0.0,0,S,O,2320.0,,,UnSec,Regular,UnSecMov,RegUns,PVT,1
2009,209002,1001,130,20220701,99991231,20240301,20221201,15,55000,-1.0,130000.0,0.0,0,S,O,2200.0,,,UnSec,Regular,UnSecMov,RegUns,PVT,1
2009,209002,1001,130,20220701,99991231,20240301,20221101,16,52000,-1.0,130000.0,0.0,0,S,O,2080.0,,,UnSec,Regular,UnSecMov,RegUns,PVT,1
2009,209002,1001,130,20220701,99991231,20240301,20221001,17,49000,-1.0,130000.0,0.0,0,S,O,1960.0,,,UnSec,Regular,UnSecMov,RegUns,PVT,1
2009,209002,1001,130,20220701,99991231,20240301,20220901,18,46000,-1.0,130000.0,0.0,0,S,O,1840.0,,,UnSec,Regular,UnSecMov,RegUns,PVT,1
2009,209002,1001,130,20220701,99991231,20240301,20220801,19,43000,-1.0,130000.0,0.0,0,S,O,1720.0,,,UnSec,Regular,UnSecMov,RegUns,PVT,1
2010,210001,1001,123,20220301,99991231,20240301,20240301,0,180000,-1.0,240000.0,0.0,0,S,O,7200.0,,,UnSec,Regular,UnSecMov,RegUns,PVT,1
2010,210001,1001,123,20220301,99991231,20240301,20240201,1,175000,-1.0,240000.0,0.0,0,S,O,7000.0,,,UnSec,Regular,UnSecMov,RegUns,PVT,1
2010,210001,1001,123,20220301,99991231,20240301,20240101,2,170000,-1.0,240000.0,0.0,0,S,O,6800.0,,,UnSec,Regular,UnSecMov,RegUns,PVT,1
2010,210001,1001,123,20220301,99991231,20240301,20231201,3,165000,-1.0,240000.0,0.0,0,S,O,6600.0,,,UnSec,Regular,UnSecMov,RegUns,PVT,1
2010,210001,1001,123,20220301,99991231,20240301,20231101,4,160000,-1.0,240000.0,0.0,0,S,O,6400.0,,,UnSec,Regular,UnSecMov,RegUns,PVT,1
2010,210001,1001,123,20220301,99991231,20240301,20231001,5,155000,-1.0,240000.0,0.0,0,S,O,6200.0,,,UnSec,Regular,UnSecMov,RegUns,PVT,1
2010,210001,1001,123,20220301,99991231,20240301,20230901,6,150000,-1.0,240000.0,0.0,45,S,O,6000.0,,,UnSec,Regular,UnSecMov,RegUns,PVT,1
2010,210001,1001,123,20220301,99991231,20240301,20230801,7,145000,-1.0,240000.0,0.0,0,S,O,5800.0,,,UnSec,Regular,UnSecMov,RegUns,PVT,1
2010,210001,1001,123,20220301,99991231,20240301,20230701,8,140000,-1.0,240000.0,0.0,0,S,O,5600.0,,,UnSec,Regular,UnSecMov,RegUns,PVT,1
2010,210001,1001,123,20220301,99991231,20240301,20230601,9,135000,-1.0,240000.0,0.0,0,S,O,5400.0,,,UnSec,Regular,UnSecMov,RegUns,PVT,1
2010,210001,1001,123,20220301,99991231,20240301,20230501,10,130000,-1.0,240000.0,0.0,0,S,O,5200.0,,,UnSec,Regular,UnSecMov,RegUns,PVT,1
2010,210001,1001,123,20220301,99991231,20240301,20230401,11,125000,-1.0,240000.0,0.0,0,S,O,5000.0,,,UnSec,Regular,UnSecMov,RegUns,PVT,1
2010,210001,1001,123,20220301,99991231,20240301,20230301,12,120000,-1.0,240000.0,0.0,0,S,O,4800.0,,,UnSec,Regular,UnSecMov,RegUns,PVT,1
2010,210001,1001,123,20220301,99991231,20240301,20230201,13,115000,-1.0,240000.0,0.0,0,S,O,4600.0,,,UnSec,Regular,UnSecMov,RegUns,PVT,1
2010,210001,1001,123,20220301,99991231,20240301,20230101,14,110000,-1.0,240000.0,0.0,0,S,O,4400.0,,,UnSec,Regular,UnSecMov,RegUns,PVT,1
2010,210001,1001,123,20220301,99991231,20240301,20221201,15,105000,-1.0,240000.0,0.0,0,S,O,4200.0,,,UnSec,Regular,UnSecMov,RegUns,PVT,1
2010,210001,1001,123,20220301,99991231,20240301,20221101,16,100000,-1.0,240000.0,0.0,0,S,O,4000.0,,,UnSec,Regular,UnSecMov,RegUns,PVT,1
2010,210001,1001,123,20220301,99991231,20240301,20221001,17,95000,-1.0,240000.0,0.0,0,S,O,3800.0,,,UnSec,Regular,UnSecMov,RegUns,PVT,1
2010,210001,1001,123,20220301,99991231,20240301,20220901,18,90000,-1.0,240000.0,0.0,0,S,O,3600.0,,,UnSec,Regular,UnSecMov,RegUns,PVT,1
2010,210001,1001,123,20220301,99991231,20240301,20220801,19,85000,-1.0,240000.0,0.0,0,S,O,3400.0,,,UnSec,Regular,UnSecMov,RegUns,PVT,1
2010,210001,1001,123,20220301,99991231,20240301,20220701,20,80000,-1.0,240000.0,0.0,0,S,O,3200.0,,,UnSec,Regular,UnSecMov,RegUns,PVT,1
2010,210001,1001,123,20220301,99991231,20240301,20220601,21,75000,-1.0,240000.0,0.0,0,S,O,3000.0,,,UnSec,Regular,UnSecMov,RegUns,PVT,1
2010,210001,1001,123,20220301,99991231,20240301,20220501,22,70000,-1.0,240000.0,0.0,0,S,O,2800.0,,,UnSec,Regular,UnSecMov,RegUns,PVT,1
2010,210001,1001,123,20220301,99991231,20240301,20220401,23,65000,-1.0,240000.0,0.0,0,S,O,2600.0,,,UnSec,Regular,UnSecMov,RegUns,PVT,1
2010,210002,1001,130,20221001,99991231,20240301,20240301,0,80000,-1.0,100000.0,0.0,0,S,O,3200.0,,,UnSec,Regular,UnSecMov,RegUns,NBFC,1
2010,210002,1001,130,20221001,99991231,20240301,20240201,1,78000,-1.0,100000.0,0.0,0,S,O,3120.0,,,UnSec,Regular,UnSecMov,RegUns,NBFC,1
2010,210002,1001,130,20221001,99991231,20240301,20240101,2,76000,-1.0,100000.0,0.0,0,S,O,3040.0,,,UnSec,Regular,UnSecMov,RegUns,NBFC,1
2010,210002,1001,130,20221001,99991231,20240301,20231201,3,74000,-1.0,100000.0,0.0,0,S,O,2960.0,,,UnSec,Regular,UnSecMov,RegUns,NBFC,1
2010,210002,1001,130,20221001,99991231,20240301,20231101,4,72000,-1.0,100000.0,0.0,0,S,O,2880.0,,,UnSec,Regular,UnSecMov,RegUns,NBFC,1
2010,210002,1001,130,20221001,99991231,20240301,20231001,5,70000,-1.0,100000.0,0.0,0,S,O,2800.0,,,UnSec,Regular,UnSecMov,RegUns,NBFC,1
2010,210002,1001,130,20221001,99991231,20240301,20230901,6,68000,-1.0,100000.0,0.0,0,S,O,2720.0,,,UnSec,Regular,UnSecMov,RegUns,NBFC,1
2010,210002,1001,130,20221001,99991231,20240301,20230801,7,66000,-1.0,100000.0,0.0,0,S,O,2640.0,,,UnSec,Regular,UnSecMov,RegUns,NBFC,1
2010,210002,1001,130,20221001,99991231,20240301,20230701,8,64000,-1.0,100000.0,0.0,0,S,O,2560.0,,,UnSec,Regular,UnSecMov,RegUns,NBFC,1
2010,210002,1001,130,20221001,99991231,20240301,20230601,9,62000,-1.0,100000.0,0.0,0,S,O,2480.0,,,UnSec,Regular,UnSecMov,RegUns,NBFC,1
2010,210002,1001,130,20221001,99991231,20240301,20230501,10,60000,-1.0,100000.0,0.0,0,S,O,2400.0,,,UnSec,Regular,UnSecMov,RegUns,NBFC,1
2010,210002,1001,130,20221001,99991231,20240301,20230401,11,58000,-1.0,100000.0,0.0,0,S,O,2320.0,,,UnSec,Regular,UnSecMov,RegUns,NBFC,1
2010,210002,1001,130,20221001,99991231,20240301,20230301,12,56000,-1.0,100000.0,0.0,0,S,O,2240.0,,,UnSec,Regular,UnSecMov,RegUns,NBFC,1
2010,210002,1001,130,20221001,99991231,20240301,20230201,13,54000,-1.0,100000.0,0.0,0,S,O,2160.0,,,UnSec,Regular,UnSecMov,RegUns,NBFC,1
2010,210002,1001,130,20221001,99991231,20240301,20230101,14,52000,-1.0,100000.0,0.0,0,S,O,2080.0,,,UnSec,Regular,UnSecMov,RegUns,NBFC,1
2010,210002,1001,130,20221001,99991231,20240301,20221201,15,50000,-1.0,100000.0,0.0,0,S,O,2000.0,,,UnSec,Regular,UnSecMov,RegUns,NBFC,1
2010,210002,1001,130,20221001,99991231,20240301,20221101,16,48000,-1.0,100000.0,0.0,0,S,O,1920.0,,,UnSec,Regular,UnSecMov,RegUns,NBFC,1
2010,210002,1001,130,20221001,99991231,20240301,20221001,17,46000,-1.0,100000.0,0.0,0,S,O,1840.0,,,UnSec,Regular,UnSecMov,RegUns,NBFC,1
2011,211001,1001,123,20220601,99991231,20240301,20240301,0,300000,-1.0,350000.0,0.0,120,S,O,12000.0,,,UnSec,Regular,UnSecMov,RegUns,PVT,1
2011,211001,1001,123,20220601,99991231,20240301,20240201,1,295000,-1.0,350000.0,0.0,100,S,O,11800.0,,,UnSec,Regular,UnSecMov,RegUns,PVT,1
2011,211001,1001,123,20220601,99991231,20240301,20240101,2,290000,-1.0,350000.0,0.0,75,S,O,11600.0,,,UnSec,Regular,UnSecMov,RegUns,PVT,1
2011,211001,1001,123,20220601,99991231,20240301,20231201,3,285000,-1.0,350000.0,0.0,0,S,O,11400.0,,,UnSec,Regular,UnSecMov,RegUns,PVT,1
2011,211001,1001,123,20220601,99991231,20240301,20231101,4,280000,-1.0,350000.0,0.0,0,S,O,11200.0,,,UnSec,Regular,UnSecMov,RegUns,PVT,1
2011,211001,1001,123,20220601,99991231,20240301,20231001,5,275000,-1.0,350000.0,0.0,0,S,O,11000.0,,,UnSec,Regular,UnSecMov,RegUns,PVT,1
2011,211001,1001,123,20220601,99991231,20240301,20230901,6,270000,-1.0,350000.0,0.0,0,S,O,10800.0,,,UnSec,Regular,UnSecMov,RegUns,PVT,1
2011,211001,1001,123,20220601,99991231,20240301,20230801,7,265000,-1.0,350000.0,0.0,0,S,O,10600.0,,,UnSec,Regular,UnSecMov,RegUns,PVT,1
2011,211001,1001,123,20220601,99991231,20240301,20230701,8,260000,-1.0,350000.0,0.0,0,S,O,10400.0,,,UnSec,Regular,UnSecMov,RegUns,PVT,1
2011,211001,1001,123,20220601,99991231,20240301,20230601,9,255000,-1.0,350000.0,0.0,0,S,O,10200.0,,,UnSec,Regular,UnSecMov,RegUns,PVT,1
2011,211001,1001,123,20220601,99991231,20240301,20230501,10,250000,-1.0,350000.0,0.0,0,S,O,10000.0,,,UnSec,Regular,UnSecMov,RegUns,PVT,1
2011,211001,1001,123,20220601,99991231,20240301,20230401,11,245000,-1.0,350000.0,0.0,0,S,O,9800.0,,,UnSec,Regular,UnSecMov,RegUns,PVT,1
2011,211001,1001,123,20220601,99991231,20240301,20230301,12,240000,-1.0,350000.0,0.0,0,S,O,9600.0,,,UnSec,Regular,UnSecMov,RegUns,PVT,1
2011,211001,1001,123,20220601,99991231,20240301,20230201,13,235000,-1.0,350000.0,0.0,0,S,O,9400.0,,,UnSec,Regular,UnSecMov,RegUns,PVT,1
2011,211001,1001,123,20220601,99991231,20240301,20230101,14,230000,-1.0,350000.0,0.0,0,S,O,9200.0,,,UnSec,Regular,UnSecMov,RegUns,PVT,1
2011,211001,1001,123,20220601,99991231,20240301,20221201,15,225000,-1.0,350000.0,0.0,0,S,O,9000.0,,,UnSec,Regular,UnSecMov,RegUns,PVT,1
2011,211001,1001,123,20220601,99991231,20240301,20221101,16,220000,-1.0,350000.0,0.0,0,S,O,8800.0,,,UnSec,Regular,UnSecMov,RegUns,PVT,1
2011,211001,1001,123,20220601,99991231,20240301,20221001,17,215000,-1.0,350000.0,0.0,0,S,O,8600.0,,,UnSec,Regular,UnSecMov,RegUns,PVT,1
2011,211001,1001,123,20220601,99991231,20240301,20220901,18,210000,-1.0,350000.0,0.0,0,S,O,8400.0,,,UnSec,Regular,UnSecMov,RegUns,PVT,1
2011,211001,1001,123,20220601,99991231,20240301,20220801,19,205000,-1.0,350000.0,0.0,0,S,O,8200.0,,,UnSec,Regular,UnSecMov,RegUns,PVT,1
2011,211002,1001,058,20220601,99991231,20240301,20240301,0,2500000,-1.0,2800000.0,0.0,0,S,O,100000.0,,,Sec,Regular,SecMov,RegSec,PSB,1
2011,211002,1001,058,20220601,99991231,20240301,20240201,1,2460000,-1.0,2800000.0,0.0,0,S,O,98400.0,,,Sec,Regular,SecMov,RegSec,PSB,1
2011,211002,1001,058,20220601,99991231,20240301,20240101,2,2420000,-1.0,2800000.0,0.0,0,S,O,96800.0,,,Sec,Regular,SecMov,RegSec,PSB,1
2011,211002,1001,058,20220601,99991231,20240301,20231201,3,2380000,-1.0,2800000.0,0.0,0,S,O,95200.0,,,Sec,Regular,SecMov,RegSec,PSB,1
2011,211002,1001,058,20220601,99991231,20240301,20231101,4,2340000,-1.0,2800000.0,0.0,0,S,O,93600.0,,,Sec,Regular,SecMov,RegSec,PSB,1
2011,211002,1001,058,20220601,99991231,20240301,20231001,5,2300000,-1.0,2800000.0,0.0,0,S,O,92000.0,,,Sec,Regular,SecMov,RegSec,PSB,1
2011,211002,1001,058,20220601,99991231,20240301,20230901,6,2260000,-1.0,2800000.0,0.0,0,S,O,90400.0,,,Sec,Regular,SecMov,RegSec,PSB,1
2011,211002,1001,058,20220601,99991231,20240301,20230801,7,2220000,-1.0,2800000.0,0.0,0,S,O,88800.0,,,Sec,Regular,SecMov,RegSec,PSB,1
2011,211002,1001,058,20220601,99991231,20240301,20230701,8,2180000,-1.0,2800000.0,0.0,0,S,O,87200.0,,,Sec,Regular,SecMov,RegSec,PSB,1
2011,211002,1001,058,20220601,99991231,20240301,20230601,9,2140000,-1.0,2800000.0,0.0,0,S,O,85600.0,,,Sec,Regular,SecMov,RegSec,PSB,1
2011,211002,1001,058,20220601,99991231,20240301,20230501,10,2100000,-1.0,2800000.0,0.0,0,S,O,84000.0,,,Sec,Regular,SecMov,RegSec,PSB,1
2011,211002,1001,058,20220601,99991231,20240301,20230401,11,2060000,-1.0,2800000.0,0.0,0,S,O,82400.0,,,Sec,Regular,SecMov,RegSec,PSB,1
2011,211002,1001,058,20220601,99991231,20240301,20230301,12,2020000,-1.0,2800000.0,0.0,0,S,O,80800.0,,,Sec,Regular,SecMov,RegSec,PSB,1
2011,211002,1001,058,20220601,99991231,20240301,20230201,13,1980000,-1.0,2800000.0,0.0,0,S,O,79200.0,,,Sec,Regular,SecMov,RegSec,PSB,1
2011,211002,1001,058,20220601,99991231,20240301,20230101,14,1940000,-1.0,2800000.0,0.0,0,S,O,77600.0,,,Sec,Regular,SecMov,RegSec,PSB,1
2011,211002,1001,058,20220601,99991231,20240301,20221201,15,1900000,-1.0,2800000.0,0.0,0,S,O,76000.0,,,Sec,Regular,SecMov,RegSec,PSB,1
2011,211002,1001,058,20220601,99991231,20240301,20221101,16,1860000,-1.0,2800000.0,0.0,0,S,O,74400.0,,,Sec,Regular,SecMov,RegSec,PSB,1
2011,211002,1001,058,20220601,99991231,20240301,20221001,17,1820000,-1.0,2800000.0,0.0,0,S,O,72800.0,,,Sec,Regular,SecMov,RegSec,PSB,1
2011,211002,1001,058,20220601,99991231,20240301,20220901,18,1780000,-1.0,2800000.0,0.0,0,S,O,71200.0,,,Sec,Regular,SecMov,RegSec,PSB,1
2011,211002,1001,058,20220601,99991231,20240301,20220801,19,1740000,-1.0,2800000.0,0.0,0,S,O,69600.0,,,Sec,Regular,SecMov,RegSec,PSB,1
2012,212001,1001,123,20231001,99991231,20240301,20240301,0,80000,-1.0,80000.0,0.0,0,S,O,3200.0,,,UnSec,Regular,UnSecMov,RegUns,PVT,1
2012,212001,1001,123,20231001,99991231,20240301,20240201,1,78000,-1.0,80000.0,0.0,0,S,O,3120.0,,,UnSec,Regular,UnSecMov,RegUns,PVT,1
2012,212001,1001,123,20231001,99991231,20240301,20240101,2,76000,-1.0,80000.0,0.0,0,S,O,3040.0,,,UnSec,Regular,UnSecMov,RegUns,PVT,1
2012,212001,1001,123,20231001,99991231,20240301,20231201,3,74000,-1.0,80000.0,0.0,0,S,O,2960.0,,,UnSec,Regular,UnSecMov,RegUns,PVT,1
2012,212001,1001,123,20231001,99991231,20240301,20231101,4,72000,-1.0,80000.0,0.0,0,S,O,2880.0,,,UnSec,Regular,UnSecMov,RegUns,PVT,1
2012,212002,1001,130,20231001,99991231,20240301,20240301,0,50000,-1.0,50000.0,0.0,0,S,O,2000.0,,,UnSec,Regular,UnSecMov,RegUns,NBFC,1
2012,212002,1001,130,20231001,99991231,20240301,20240201,1,48500,-1.0,50000.0,0.0,0,S,O,1940.0,,,UnSec,Regular,UnSecMov,RegUns,NBFC,1
2012,212002,1001,130,20231001,99991231,20240301,20240101,2,47000,-1.0,50000.0,0.0,0,S,O,1880.0,,,UnSec,Regular,UnSecMov,RegUns,NBFC,1
2012,212002,1001,130,20231001,99991231,20240301,20231201,3,45500,-1.0,50000.0,0.0,0,S,O,1820.0,,,UnSec,Regular,UnSecMov,RegUns,NBFC,1
2012,212002,1001,130,20231001,99991231,20240301,20231101,4,44000,-1.0,50000.0,0.0,0,S,O,1760.0,,,UnSec,Regular,UnSecMov,RegUns,NBFC,1
